,Year,Month,Subject,Level,Language,School,Registration number,Personal code,Name,Category,Predicted grade,Grade,Scaled total mark for subject
0,2020,MAY,[SUBJECT],SL,ENGLISH,[SCHOOL CODE],[REG_NUM],[PERS CODE],Student 103,DIPLOMA,-1,-1,-1.0
1,2020,MAY,[SUBJECT],EE,ENGLISH,[SCHOOL CODE],[REG_NUM],[PERS CODE],Student 81,DIPLOMA,-1,-1,-1.0
2,2020,MAY,[SUBJECT],HL,ENGLISH,[SCHOOL CODE],[REG_NUM],[PERS CODE],Student 133,DIPLOMA,-1,-1,-1.0
3,2020,MAY,[SUBJECT],HL,ENGLISH,[SCHOOL CODE],[REG_NUM],[PERS CODE],Student 81,DIPLOMA,-1,-1,-1.0
4,2020,MAY,[SUBJECT],HL,ENGLISH,[SCHOOL CODE],[REG_NUM],[PERS CODE],Student 123,DIPLOMA,-1,-1,-1.0
5,2020,MAY,[SUBJECT],HL,ENGLISH,[SCHOOL CODE],[REG_NUM],[PERS CODE],Student 90,DIPLOMA,-1,-1,-1.0
6,2020,MAY,[SUBJECT],SL,ENGLISH,[SCHOOL CODE],[REG_NUM],[PERS CODE],Student 102,DIPLOMA,-1,-1,-1.0
7,2020,MAY,[SUBJECT],SL,ENGLISH,[SCHOOL CODE],[REG_NUM],[PERS CODE],Student 105,DIPLOMA,-1,-1,-1.0
8,2020,MAY,[SUBJECT],SL,ENGLISH,[SCHOOL CODE],[REG_NUM],[PERS CODE],Student 97,DIPLOMA,-1,-1,-1.0
9,2020,MAY,[SUBJECT],SL,ENGLISH,[SCHOOL CODE],[REG_NUM],[PERS CODE],Student 83,DIPLOMA,-1,-1,-1.0
10,2020,MAY,[SUBJECT],SL,ENGLISH,[SCHOOL CODE],[REG_NUM],[PERS CODE],Student 87,DIPLOMA,-1,-1,-1.0
11,2020,MAY,[SUBJECT],SL,ENGLISH,[SCHOOL CODE],[REG_NUM],[PERS CODE],Student 119,DIPLOMA,-1,-1,-1.0
12,2020,MAY,[SUBJECT],SL,ENGLISH,[SCHOOL CODE],[REG_NUM],[PERS CODE],Student 100,DIPLOMA,-1,-1,-1.0
13,2020,MAY,[SUBJECT],SL,ENGLISH,[SCHOOL CODE],[REG_NUM],[PERS CODE],Student 70,DIPLOMA,-1,-1,-1.0
14,2020,MAY,[SUBJECT],SL,ENGLISH,[SCHOOL CODE],[REG_NUM],[PERS CODE],Student 84,DIPLOMA,-1,-1,-1.0
15,2020,MAY,[SUBJECT],EE,ENGLISH,[SCHOOL CODE],[REG_NUM],[PERS CODE],Student 92,DIPLOMA,-1,-1,-1.0
16,2020,MAY,[SUBJECT],EE,ENGLISH,[SCHOOL CODE],[REG_NUM],[PERS CODE],Student 138,DIPLOMA,-1,-1,-1.0
17,2020,MAY,[SUBJECT],EE,ENGLISH,[SCHOOL CODE],[REG_NUM],[PERS CODE],Student 133,DIPLOMA,-1,-1,-1.0
18,2020,MAY,[SUBJECT],EE,ENGLISH,[SCHOOL CODE],[REG_NUM],[PERS CODE],Student 68,DIPLOMA,-1,-1,-1.0
19,2020,MAY,[SUBJECT],EE,ENGLISH,[SCHOOL CODE],[REG_NUM],[PERS CODE],Student 91,DIPLOMA,-1,-1,-1.0
20,2020,MAY,[SUBJECT],EE,ENGLISH,[SCHOOL CODE],[REG_NUM],[PERS CODE],Student 124,DIPLOMA,-1,-1,-1.0
21,2020,MAY,[SUBJECT],EE,ENGLISH,[SCHOOL CODE],[REG_NUM],[PERS CODE],Student 89,DIPLOMA,-1,-1,-1.0
22,2020,MAY,[SUBJECT],EE,ENGLISH,[SCHOOL CODE],[REG_NUM],[PERS CODE],Student 72,DIPLOMA,-1,-1,-1.0
23,2020,MAY,[SUBJECT],EE,ENGLISH,[SCHOOL CODE],[REG_NUM],[PERS CODE],Student 98,DIPLOMA,-1,-1,-1.0
24,2020,MAY,[SUBJECT],EE,ENGLISH,[SCHOOL CODE],[REG_NUM],[PERS CODE],Student 78,DIPLOMA,-1,-1,-1.0
25,2020,MAY,[SUBJECT],EE,ENGLISH,[SCHOOL CODE],[REG_NUM],[PERS CODE],Student 132,DIPLOMA,-1,-1,-1.0
26,2020,MAY,[SUBJECT],HL,ENGLISH,[SCHOOL CODE],[REG_NUM],[PERS CODE],Student 93,DIPLOMA,-1,-1,-1.0
27,2020,MAY,[SUBJECT],HL,ENGLISH,[SCHOOL CODE],[REG_NUM],[PERS CODE],Student 77,DIPLOMA,-1,-1,-1.0
28,2020,MAY,[SUBJECT],HL,ENGLISH,[SCHOOL CODE],[REG_NUM],[PERS CODE],Student 99,DIPLOMA,-1,-1,-1.0
29,2020,MAY,[SUBJECT],HL,ENGLISH,[SCHOOL CODE],[REG_NUM],[PERS CODE],Student 75,DIPLOMA,-1,-1,-1.0
30,2020,MAY,[SUBJECT],HL,ENGLISH,[SCHOOL CODE],[REG_NUM],[PERS CODE],Student 72,DIPLOMA,-1,-1,-1.0
31,2020,MAY,[SUBJECT],HL,ENGLISH,[SCHOOL CODE],[REG_NUM],[PERS CODE],Student 95,DIPLOMA,-1,-1,-1.0
32,2020,MAY,[SUBJECT],HL,ENGLISH,[SCHOOL CODE],[REG_NUM],[PERS CODE],Student 120,DIPLOMA,-1,-1,-1.0
33,2020,MAY,[SUBJECT],HL,ENGLISH,[SCHOOL CODE],[REG_NUM],[PERS CODE],Student 98,DIPLOMA,-1,-1,-1.0
34,2020,MAY,[SUBJECT],HL,ENGLISH,[SCHOOL CODE],[REG_NUM],[PERS CODE],Student 78,DIPLOMA,-1,-1,-1.0
35,2020,MAY,[SUBJECT],HL,ENGLISH,[SCHOOL CODE],[REG_NUM],[PERS CODE],Student 126,COURSE,-1,-1,-1.0
36,2020,MAY,[SUBJECT],HL,ENGLISH,[SCHOOL CODE],[REG_NUM],[PERS CODE],Student 92,DIPLOMA,-1,-1,-1.0
37,2020,MAY,[SUBJECT],HL,ENGLISH,[SCHOOL CODE],[REG_NUM],[PERS CODE],Student 86,DIPLOMA,-1,-1,-1.0
38,2020,MAY,[SUBJECT],HL,ENGLISH,[SCHOOL CODE],[REG_NUM],[PERS CODE],Student 109,DIPLOMA,-1,-1,-1.0
39,2020,MAY,[SUBJECT],HL,ENGLISH,[SCHOOL CODE],[REG_NUM],[PERS CODE],Student 69,DIPLOMA,-1,-1,-1.0
40,2020,MAY,[SUBJECT],HL,ENGLISH,[SCHOOL CODE],[REG_NUM],[PERS CODE],Student 82,DIPLOMA,-1,-1,-1.0
41,2020,MAY,[SUBJECT],HL,ENGLISH,[SCHOOL CODE],[REG_NUM],[PERS CODE],Student 116,DIPLOMA,-1,-1,-1.0
42,2020,MAY,[SUBJECT],SL,ENGLISH,[SCHOOL CODE],[REG_NUM],[PERS CODE],Student 96,DIPLOMA,-1,-1,-1.0
43,2020,MAY,[SUBJECT],SL,ENGLISH,[SCHOOL CODE],[REG_NUM],[PERS CODE],Student 101,DIPLOMA,-1,-1,-1.0
44,2020,MAY,[SUBJECT],SL,ENGLISH,[SCHOOL CODE],[REG_NUM],[PERS CODE],Student 124,DIPLOMA,-1,-1,-1.0
45,2020,MAY,[SUBJECT],SL,ENGLISH,[SCHOOL CODE],[REG_NUM],[PERS CODE],Student 127,DIPLOMA,-1,-1,-1.0
46,2020,MAY,[SUBJECT],SL,ENGLISH,[SCHOOL CODE],[REG_NUM],[PERS CODE],Student 104,DIPLOMA,-1,-1,-1.0
47,2020,MAY,[SUBJECT],SL,ENGLISH,[SCHOOL CODE],[REG_NUM],[PERS CODE],Student 117,DIPLOMA,-1,-1,-1.0
48,2020,MAY,[SUBJECT],SL,ENGLISH,[SCHOOL CODE],[REG_NUM],[PERS CODE],Student 136,DIPLOMA,-1,-1,-1.0
49,2020,MAY,[SUBJECT],SL,ENGLISH,[SCHOOL CODE],[REG_NUM],[PERS CODE],Student 88,DIPLOMA,-1,-1,-1.0
50,2020,MAY,[SUBJECT],SL,ENGLISH,[SCHOOL CODE],[REG_NUM],[PERS CODE],Student 94,DIPLOMA,-1,-1,-1.0
51,2020,MAY,[SUBJECT],SL,ENGLISH,[SCHOOL CODE],[REG_NUM],[PERS CODE],Student 138,DIPLOMA,-1,-1,-1.0
52,2020,MAY,[SUBJECT],SL,ENGLISH,[SCHOOL CODE],[REG_NUM],[PERS CODE],Student 133,DIPLOMA,-1,-1,-1.0
53,2020,MAY,[SUBJECT],SL,ENGLISH,[SCHOOL CODE],[REG_NUM],[PERS CODE],Student 68,DIPLOMA,-1,-1,-1.0
54,2020,MAY,[SUBJECT],SL,ENGLISH,[SCHOOL CODE],[REG_NUM],[PERS CODE],Student 118,DIPLOMA,-1,-1,-1.0
55,2020,MAY,[SUBJECT],SL,ENGLISH,[SCHOOL CODE],[REG_NUM],[PERS CODE],Student 91,DIPLOMA,-1,-1,-1.0
56,2020,MAY,[SUBJECT],SL,ENGLISH,[SCHOOL CODE],[REG_NUM],[PERS CODE],Student 131,DIPLOMA,-1,-1,-1.0
57,2020,MAY,[SUBJECT],SL,ENGLISH,[SCHOOL CODE],[REG_NUM],[PERS CODE],Student 114,DIPLOMA,-1,-1,-1.0
58,2020,MAY,[SUBJECT],SL,ENGLISH,[SCHOOL CODE],[REG_NUM],[PERS CODE],Student 129,DIPLOMA,-1,-1,-1.0
59,2020,MAY,[SUBJECT],SL,ENGLISH,[SCHOOL CODE],[REG_NUM],[PERS CODE],Student 121,DIPLOMA,-1,-1,-1.0
60,2020,MAY,[SUBJECT],SL,ENGLISH,[SCHOOL CODE],[REG_NUM],[PERS CODE],Student 89,DIPLOMA,-1,-1,-1.0
61,2020,MAY,[SUBJECT],SL,ENGLISH,[SCHOOL CODE],[REG_NUM],[PERS CODE],Student 85,DIPLOMA,-1,-1,-1.0
62,2020,MAY,[SUBJECT],SL,ENGLISH,[SCHOOL CODE],[REG_NUM],[PERS CODE],Student 132,DIPLOMA,-1,-1,-1.0
63,2020,MAY,[SUBJECT],SL,ENGLISH,[SCHOOL CODE],[REG_NUM],[PERS CODE],Student 65,DIPLOMA,-1,-1,-1.0
64,2020,MAY,[SUBJECT],SL,ENGLISH,[SCHOOL CODE],[REG_NUM],[PERS CODE],Student 107,DIPLOMA,-1,-1,-1.0
65,2020,MAY,[SUBJECT],SL,ENGLISH,[SCHOOL CODE],[REG_NUM],[PERS CODE],Student 70,DIPLOMA,-1,-1,-1.0
66,2020,MAY,[SUBJECT],SL,ENGLISH,[SCHOOL CODE],[REG_NUM],[PERS CODE],Student 137,DIPLOMA,-1,-1,-1.0
67,2020,MAY,[SUBJECT],SL,ENGLISH,[SCHOOL CODE],[REG_NUM],[PERS CODE],Student 135,DIPLOMA,-1,-1,-1.0
68,2020,MAY,[SUBJECT],SL,ENGLISH,[SCHOOL CODE],[REG_NUM],[PERS CODE],Student 76,DIPLOMA,-1,-1,-1.0
69,2020,MAY,[SUBJECT],SL,ENGLISH,[SCHOOL CODE],[REG_NUM],[PERS CODE],Student 119,DIPLOMA,-1,-1,-1.0
70,2020,MAY,[SUBJECT],SL,ENGLISH,[SCHOOL CODE],[REG_NUM],[PERS CODE],Student 130,DIPLOMA,-1,-1,-1.0
71,2020,MAY,[SUBJECT],SL,ENGLISH,[SCHOOL CODE],[REG_NUM],[PERS CODE],Student 67,DIPLOMA,-1,-1,-1.0
72,2020,MAY,[SUBJECT],SL,ENGLISH,[SCHOOL CODE],[REG_NUM],[PERS CODE],Student 79,DIPLOMA,-1,-1,-1.0
73,2020,MAY,[SUBJECT],SL,ENGLISH,[SCHOOL CODE],[REG_NUM],[PERS CODE],Student 110,DIPLOMA,-1,-1,-1.0
74,2020,MAY,[SUBJECT],EE,ENGLISH,[SCHOOL CODE],[REG_NUM],[PERS CODE],Student 113,DIPLOMA,-1,-1,-1.0
75,2020,MAY,[SUBJECT],EE,ENGLISH,[SCHOOL CODE],[REG_NUM],[PERS CODE],Student 71,DIPLOMA,-1,-1,-1.0
76,2020,MAY,[SUBJECT],SL,ENGLISH,[SCHOOL CODE],[REG_NUM],[PERS CODE],Student 129,DIPLOMA,-1,-1,-1.0
77,2020,MAY,[SUBJECT],SL,ENGLISH,[SCHOOL CODE],[REG_NUM],[PERS CODE],Student 115,DIPLOMA,-1,-1,-1.0
78,2020,MAY,[SUBJECT],SL,ENGLISH,[SCHOOL CODE],[REG_NUM],[PERS CODE],Student 108,DIPLOMA,-1,-1,-1.0
79,2020,MAY,[SUBJECT],SL,ENGLISH,[SCHOOL CODE],[REG_NUM],[PERS CODE],Student 113,DIPLOMA,-1,-1,-1.0
80,2020,MAY,[SUBJECT],SL,ENGLISH,[SCHOOL CODE],[REG_NUM],[PERS CODE],Student 106,DIPLOMA,-1,-1,-1.0
81,2020,MAY,[SUBJECT],SL,ENGLISH,[SCHOOL CODE],[REG_NUM],[PERS CODE],Student 125,DIPLOMA,-1,-1,-1.0
82,2020,MAY,[SUBJECT],SL,ENGLISH,[SCHOOL CODE],[REG_NUM],[PERS CODE],Student 80,DIPLOMA,-1,-1,-1.0
83,2020,MAY,[SUBJECT],SL,ENGLISH,[SCHOOL CODE],[REG_NUM],[PERS CODE],Student 64,DIPLOMA,-1,-1,-1.0
84,2020,MAY,[SUBJECT],SL,ENGLISH,[SCHOOL CODE],[REG_NUM],[PERS CODE],Student 67,DIPLOMA,-1,-1,-1.0
85,2020,MAY,[SUBJECT],SL,ENGLISH,[SCHOOL CODE],[REG_NUM],[PERS CODE],Student 85,DIPLOMA,-1,-1,-1.0
86,2020,MAY,[SUBJECT],SL,ENGLISH,[SCHOOL CODE],[REG_NUM],[PERS CODE],Student 71,DIPLOMA,-1,-1,-1.0
87,2020,MAY,[SUBJECT],SL,ENGLISH,[SCHOOL CODE],[REG_NUM],[PERS CODE],Student 112,COURSE,-1,-1,-1.0
88,2020,MAY,[SUBJECT],SL,ENGLISH,[SCHOOL CODE],[REG_NUM],[PERS CODE],Student 134,DIPLOMA,-1,-1,-1.0
89,2020,MAY,[SUBJECT],SL,ENGLISH,[SCHOOL CODE],[REG_NUM],[PERS CODE],Student 66,DIPLOMA,-1,-1,-1.0
90,2020,MAY,[SUBJECT],SL,ENGLISH,[SCHOOL CODE],[REG_NUM],[PERS CODE],Student 101,DIPLOMA,-1,-1,-1.0
91,2020,MAY,[SUBJECT],SL,ENGLISH,[SCHOOL CODE],[REG_NUM],[PERS CODE],Student 73,DIPLOMA,-1,-1,-1.0
92,2020,MAY,[SUBJECT],SL,ENGLISH,[SCHOOL CODE],[REG_NUM],[PERS CODE],Student 137,DIPLOMA,-1,-1,-1.0
93,2020,MAY,[SUBJECT],SL,ENGLISH,[SCHOOL CODE],[REG_NUM],[PERS CODE],Student 122,DIPLOMA,-1,-1,-1.0
94,2020,MAY,[SUBJECT],SL,ENGLISH,[SCHOOL CODE],[REG_NUM],[PERS CODE],Student 128,DIPLOMA,-1,-1,-1.0
95,2020,MAY,[SUBJECT],SL,ENGLISH,[SCHOOL CODE],[REG_NUM],[PERS CODE],Student 117,DIPLOMA,-1,-1,-1.0
96,2020,MAY,[SUBJECT],SL,ENGLISH,[SCHOOL CODE],[REG_NUM],[PERS CODE],Student 111,DIPLOMA,-1,-1,-1.0
97,2020,MAY,[SUBJECT],SL,ENGLISH,[SCHOOL CODE],[REG_NUM],[PERS CODE],Student 132,DIPLOMA,-1,-1,-1.0
98,2020,MAY,[SUBJECT],SL,ENGLISH,[SCHOOL CODE],[REG_NUM],[PERS CODE],Student 94,DIPLOMA,-1,-1,-1.0
99,2020,MAY,[SUBJECT],EE,ENGLISH,[SCHOOL CODE],[REG_NUM],[PERS CODE],Student 125,DIPLOMA,-1,-1,-1.0
100,2020,MAY,[SUBJECT],EE,ENGLISH,[SCHOOL CODE],[REG_NUM],[PERS CODE],Student 102,DIPLOMA,-1,-1,-1.0
101,2020,MAY,[SUBJECT],EE,ENGLISH,[SCHOOL CODE],[REG_NUM],[PERS CODE],Student 97,DIPLOMA,-1,-1,-1.0
102,2020,MAY,[SUBJECT],EE,ENGLISH,[SCHOOL CODE],[REG_NUM],[PERS CODE],Student 83,DIPLOMA,-1,-1,-1.0
103,2020,MAY,[SUBJECT],EE,ENGLISH,[SCHOOL CODE],[REG_NUM],[PERS CODE],Student 122,DIPLOMA,-1,-1,-1.0
104,2020,MAY,[SUBJECT],EE,ENGLISH,[SCHOOL CODE],[REG_NUM],[PERS CODE],Student 90,DIPLOMA,-1,-1,-1.0
105,2020,MAY,[SUBJECT],EE,ENGLISH,[SCHOOL CODE],[REG_NUM],[PERS CODE],Student 103,DIPLOMA,-1,-1,-1.0
106,2020,MAY,[SUBJECT],HL,ENGLISH,[SCHOOL CODE],[REG_NUM],[PERS CODE],Student 105,DIPLOMA,-1,-1,-1.0
107,2020,MAY,[SUBJECT],HL,ENGLISH,[SCHOOL CODE],[REG_NUM],[PERS CODE],Student 66,DIPLOMA,-1,-1,-1.0
108,2020,MAY,[SUBJECT],HL,ENGLISH,[SCHOOL CODE],[REG_NUM],[PERS CODE],Student 83,DIPLOMA,-1,-1,-1.0
109,2020,MAY,[SUBJECT],HL,ENGLISH,[SCHOOL CODE],[REG_NUM],[PERS CODE],Student 103,DIPLOMA,-1,-1,-1.0
110,2020,MAY,[SUBJECT],HL,ENGLISH,[SCHOOL CODE],[REG_NUM],[PERS CODE],Student 108,DIPLOMA,-1,-1,-1.0
111,2020,MAY,[SUBJECT],HL,ENGLISH,[SCHOOL CODE],[REG_NUM],[PERS CODE],Student 87,DIPLOMA,-1,-1,-1.0
112,2020,MAY,[SUBJECT],HL,ENGLISH,[SCHOOL CODE],[REG_NUM],[PERS CODE],Student 113,DIPLOMA,-1,-1,-1.0
113,2020,MAY,[SUBJECT],HL,ENGLISH,[SCHOOL CODE],[REG_NUM],[PERS CODE],Student 106,DIPLOMA,-1,-1,-1.0
114,2020,MAY,[SUBJECT],HL,ENGLISH,[SCHOOL CODE],[REG_NUM],[PERS CODE],Student 79,DIPLOMA,-1,-1,-1.0
115,2020,MAY,[SUBJECT],HL,ENGLISH,[SCHOOL CODE],[REG_NUM],[PERS CODE],Student 80,DIPLOMA,-1,-1,-1.0
116,2020,MAY,[SUBJECT],HL,ENGLISH,[SCHOOL CODE],[REG_NUM],[PERS CODE],Student 102,DIPLOMA,-1,-1,-1.0
117,2020,MAY,[SUBJECT],HL,ENGLISH,[SCHOOL CODE],[REG_NUM],[PERS CODE],Student 64,DIPLOMA,-1,-1,-1.0
118,2020,MAY,[SUBJECT],HL,ENGLISH,[SCHOOL CODE],[REG_NUM],[PERS CODE],Student 97,DIPLOMA,-1,-1,-1.0
119,2020,MAY,[SUBJECT],HL,ENGLISH,[SCHOOL CODE],[REG_NUM],[PERS CODE],Student 111,DIPLOMA,-1,-1,-1.0
120,2020,MAY,[SUBJECT],HL,ENGLISH,[SCHOOL CODE],[REG_NUM],[PERS CODE],Student 73,DIPLOMA,-1,-1,-1.0
121,2020,MAY,[SUBJECT],HL,ENGLISH,[SCHOOL CODE],[REG_NUM],[PERS CODE],Student 115,DIPLOMA,-1,-1,-1.0
122,2020,MAY,[SUBJECT],HL,ENGLISH,[SCHOOL CODE],[REG_NUM],[PERS CODE],Student 134,DIPLOMA,-1,-1,-1.0
123,2020,MAY,[SUBJECT],HL,ENGLISH,[SCHOOL CODE],[REG_NUM],[PERS CODE],Student 128,DIPLOMA,-1,-1,-1.0
124,2020,MAY,[SUBJECT],HL,ENGLISH,[SCHOOL CODE],[REG_NUM],[PERS CODE],Student 110,DIPLOMA,-1,-1,-1.0
125,2020,MAY,[SUBJECT],HL,ENGLISH,[SCHOOL CODE],[REG_NUM],[PERS CODE],Student 125,DIPLOMA,-1,-1,-1.0
126,2020,MAY,[SUBJECT],HL,ENGLISH,[SCHOOL CODE],[REG_NUM],[PERS CODE],Student 122,DIPLOMA,-1,-1,-1.0
127,2020,MAY,[SUBJECT],HL,ENGLISH,[SCHOOL CODE],[REG_NUM],[PERS CODE],Student 81,DIPLOMA,-1,-1,-1.0
128,2020,MAY,[SUBJECT],HL,ENGLISH,[SCHOOL CODE],[REG_NUM],[PERS CODE],Student 84,DIPLOMA,-1,-1,-1.0
129,2020,MAY,[SUBJECT],HL,ENGLISH,[SCHOOL CODE],[REG_NUM],[PERS CODE],Student 123,DIPLOMA,-1,-1,-1.0
130,2020,MAY,[SUBJECT],HL,ENGLISH,[SCHOOL CODE],[REG_NUM],[PERS CODE],Student 71,DIPLOMA,-1,-1,-1.0
131,2020,MAY,[SUBJECT],HL,ENGLISH,[SCHOOL CODE],[REG_NUM],[PERS CODE],Student 90,DIPLOMA,-1,-1,-1.0
132,2020,MAY,[SUBJECT],HL,ENGLISH,[SCHOOL CODE],[REG_NUM],[PERS CODE],Student 112,COURSE,-1,-1,-1.0
133,2020,MAY,[SUBJECT],HL,ENGLISH,[SCHOOL CODE],[REG_NUM],[PERS CODE],Student 100,DIPLOMA,-1,-1,-1.0
134,2020,MAY,[SUBJECT],SL,ENGLISH,[SCHOOL CODE],[REG_NUM],[PERS CODE],Student 107,DIPLOMA,-1,-1,-1.0
135,2020,MAY,[SUBJECT],SL,ENGLISH,[SCHOOL CODE],[REG_NUM],[PERS CODE],Student 118,DIPLOMA,-1,-1,-1.0
136,2020,MAY,[SUBJECT],SL,ENGLISH,[SCHOOL CODE],[REG_NUM],[PERS CODE],Student 124,DIPLOMA,-1,-1,-1.0
137,2020,MAY,[SUBJECT],SL,ENGLISH,[SCHOOL CODE],[REG_NUM],[PERS CODE],Student 76,DIPLOMA,-1,-1,-1.0
138,2020,MAY,[SUBJECT],SL,ENGLISH,[SCHOOL CODE],[REG_NUM],[PERS CODE],Student 116,DIPLOMA,-1,-1,-1.0
139,2020,MAY,[SUBJECT],SL,ENGLISH,[SCHOOL CODE],[REG_NUM],[PERS CODE],Student 78,DIPLOMA,-1,-1,-1.0
140,2020,MAY,[SUBJECT],SL,ENGLISH,[SCHOOL CODE],[REG_NUM],[PERS CODE],Student 121,DIPLOMA,-1,-1,-1.0
141,2020,MAY,[SUBJECT],SL,ENGLISH,[SCHOOL CODE],[REG_NUM],[PERS CODE],Student 109,DIPLOMA,-1,-1,-1.0
142,2020,MAY,[SUBJECT],SL,ENGLISH,[SCHOOL CODE],[REG_NUM],[PERS CODE],Student 120,DIPLOMA,-1,-1,-1.0
143,2020,MAY,[SUBJECT],SL,ENGLISH,[SCHOOL CODE],[REG_NUM],[PERS CODE],Student 69,DIPLOMA,-1,-1,-1.0
144,2020,MAY,[SUBJECT],SL,ENGLISH,[SCHOOL CODE],[REG_NUM],[PERS CODE],Student 82,DIPLOMA,-1,-1,-1.0
145,2020,MAY,[SUBJECT],SL,ENGLISH,[SCHOOL CODE],[REG_NUM],[PERS CODE],Student 68,DIPLOMA,-1,-1,-1.0
146,2020,MAY,[SUBJECT],SL,ENGLISH,[SCHOOL CODE],[REG_NUM],[PERS CODE],Student 104,DIPLOMA,-1,-1,-1.0
147,2020,MAY,[SUBJECT],SL,ENGLISH,[SCHOOL CODE],[REG_NUM],[PERS CODE],Student 65,DIPLOMA,-1,-1,-1.0
148,2020,MAY,[SUBJECT],SL,ENGLISH,[SCHOOL CODE],[REG_NUM],[PERS CODE],Student 98,DIPLOMA,-1,-1,-1.0
149,2020,MAY,[SUBJECT],SL,ENGLISH,[SCHOOL CODE],[REG_NUM],[PERS CODE],Student 91,DIPLOMA,-1,-1,-1.0
150,2020,MAY,[SUBJECT],EE,ENGLISH,[SCHOOL CODE],[REG_NUM],[PERS CODE],Student 117,DIPLOMA,-1,-1,-1.0
151,2020,MAY,[SUBJECT],HL,ENGLISH,[SCHOOL CODE],[REG_NUM],[PERS CODE],Student 117,DIPLOMA,-1,-1,-1.0
152,2020,MAY,[SUBJECT],HL,ENGLISH,[SCHOOL CODE],[REG_NUM],[PERS CODE],Student 127,DIPLOMA,-1,-1,-1.0
153,2020,MAY,[SUBJECT],HL,ENGLISH,[SCHOOL CODE],[REG_NUM],[PERS CODE],Student 136,DIPLOMA,-1,-1,-1.0
154,2020,MAY,[SUBJECT],HL,ENGLISH,[SCHOOL CODE],[REG_NUM],[PERS CODE],Student 75,DIPLOMA,-1,-1,-1.0
155,2020,MAY,[SUBJECT],SL,ENGLISH,[SCHOOL CODE],[REG_NUM],[PERS CODE],Student 89,DIPLOMA,-1,-1,-1.0
156,2020,MAY,[SUBJECT],SL,ENGLISH,[SCHOOL CODE],[REG_NUM],[PERS CODE],Student 88,DIPLOMA,-1,-1,-1.0
157,2020,MAY,[SUBJECT],SL,ENGLISH,[SCHOOL CODE],[REG_NUM],[PERS CODE],Student 92,DIPLOMA,-1,-1,-1.0
158,2020,MAY,[SUBJECT],SL,ENGLISH,[SCHOOL CODE],[REG_NUM],[PERS CODE],Student 96,DIPLOMA,-1,-1,-1.0
159,2020,MAY,[SUBJECT],SL,ENGLISH,[SCHOOL CODE],[REG_NUM],[PERS CODE],Student 95,DIPLOMA,-1,-1,-1.0
160,2020,MAY,[SUBJECT],SL,ENGLISH,[SCHOOL CODE],[REG_NUM],[PERS CODE],Student 99,DIPLOMA,-1,-1,-1.0
161,2020,MAY,[SUBJECT],SL,ENGLISH,[SCHOOL CODE],[REG_NUM],[PERS CODE],Student 131,DIPLOMA,-1,-1,-1.0
162,2020,MAY,[SUBJECT],SL,ENGLISH,[SCHOOL CODE],[REG_NUM],[PERS CODE],Student 114,DIPLOMA,-1,-1,-1.0
163,2020,MAY,[SUBJECT],SL,ENGLISH,[SCHOOL CODE],[REG_NUM],[PERS CODE],Student 93,DIPLOMA,-1,-1,-1.0
164,2020,MAY,[SUBJECT],SL,ENGLISH,[SCHOOL CODE],[REG_NUM],[PERS CODE],Student 77,DIPLOMA,-1,-1,-1.0
165,2020,MAY,[SUBJECT],SL,ENGLISH,[SCHOOL CODE],[REG_NUM],[PERS CODE],Student 86,DIPLOMA,-1,-1,-1.0
166,2020,MAY,[SUBJECT],SL,ENGLISH,[SCHOOL CODE],[REG_NUM],[PERS CODE],Student 72,DIPLOMA,-1,-1,-1.0
167,2020,MAY,[SUBJECT],SL,ENGLISH,[SCHOOL CODE],[REG_NUM],[PERS CODE],Student 138,DIPLOMA,-1,-1,-1.0
168,2020,MAY,[SUBJECT],SL,ENGLISH,[SCHOOL CODE],[REG_NUM],[PERS CODE],Student 135,DIPLOMA,-1,-1,-1.0
169,2020,MAY,[SUBJECT],SL,ENGLISH,[SCHOOL CODE],[REG_NUM],[PERS CODE],Student 130,DIPLOMA,-1,-1,-1.0
170,2020,MAY,[SUBJECT],EE,ENGLISH,[SCHOOL CODE],[REG_NUM],[PERS CODE],Student 114,DIPLOMA,-1,-1,-1.0
171,2020,MAY,[SUBJECT],EE,ENGLISH,[SCHOOL CODE],[REG_NUM],[PERS CODE],Student 104,DIPLOMA,-1,-1,-1.0
172,2020,MAY,[SUBJECT],EE,ENGLISH,[SCHOOL CODE],[REG_NUM],[PERS CODE],Student 80,DIPLOMA,-1,-1,-1.0
173,2020,MAY,[SUBJECT],EE,ENGLISH,[SCHOOL CODE],[REG_NUM],[PERS CODE],Student 66,DIPLOMA,-1,-1,-1.0
174,2020,MAY,[SUBJECT],EE,ENGLISH,[SCHOOL CODE],[REG_NUM],[PERS CODE],Student 100,DIPLOMA,-1,-1,-1.0
175,2020,MAY,[SUBJECT],EE,ENGLISH,[SCHOOL CODE],[REG_NUM],[PERS CODE],Student 121,DIPLOMA,-1,-1,-1.0
176,2020,MAY,[SUBJECT],EE,ENGLISH,[SCHOOL CODE],[REG_NUM],[PERS CODE],Student 75,DIPLOMA,-1,-1,-1.0
177,2020,MAY,[SUBJECT],EE,ENGLISH,[SCHOOL CODE],[REG_NUM],[PERS CODE],Student 94,DIPLOMA,-1,-1,-1.0
178,2020,MAY,[SUBJECT],EE,ENGLISH,[SCHOOL CODE],[REG_NUM],[PERS CODE],Student 65,DIPLOMA,-1,-1,-1.0
179,2020,MAY,[SUBJECT],HL,ENGLISH,[SCHOOL CODE],[REG_NUM],[PERS CODE],Student 66,DIPLOMA,-1,-1,-1.0
180,2020,MAY,[SUBJECT],HL,ENGLISH,[SCHOOL CODE],[REG_NUM],[PERS CODE],Student 114,DIPLOMA,-1,-1,-1.0
181,2020,MAY,[SUBJECT],HL,ENGLISH,[SCHOOL CODE],[REG_NUM],[PERS CODE],Student 121,DIPLOMA,-1,-1,-1.0
182,2020,MAY,[SUBJECT],HL,ENGLISH,[SCHOOL CODE],[REG_NUM],[PERS CODE],Student 86,DIPLOMA,-1,-1,-1.0
183,2020,MAY,[SUBJECT],HL,ENGLISH,[SCHOOL CODE],[REG_NUM],[PERS CODE],Student 95,DIPLOMA,-1,-1,-1.0
184,2020,MAY,[SUBJECT],HL,ENGLISH,[SCHOOL CODE],[REG_NUM],[PERS CODE],Student 117,DIPLOMA,-1,-1,-1.0
185,2020,MAY,[SUBJECT],HL,ENGLISH,[SCHOOL CODE],[REG_NUM],[PERS CODE],Student 108,DIPLOMA,-1,-1,-1.0
186,2020,MAY,[SUBJECT],HL,ENGLISH,[SCHOOL CODE],[REG_NUM],[PERS CODE],Student 125,DIPLOMA,-1,-1,-1.0
187,2020,MAY,[SUBJECT],HL,ENGLISH,[SCHOOL CODE],[REG_NUM],[PERS CODE],Student 80,DIPLOMA,-1,-1,-1.0
188,2020,MAY,[SUBJECT],HL,ENGLISH,[SCHOOL CODE],[REG_NUM],[PERS CODE],Student 75,DIPLOMA,-1,-1,-1.0
189,2020,MAY,[SUBJECT],HL,ENGLISH,[SCHOOL CODE],[REG_NUM],[PERS CODE],Student 72,DIPLOMA,-1,-1,-1.0
190,2020,MAY,[SUBJECT],HL,ENGLISH,[SCHOOL CODE],[REG_NUM],[PERS CODE],Student 132,DIPLOMA,-1,-1,-1.0
191,2020,MAY,[SUBJECT],HL,ENGLISH,[SCHOOL CODE],[REG_NUM],[PERS CODE],Student 110,DIPLOMA,-1,-1,-1.0
192,2020,MAY,[SUBJECT],HL,ENGLISH,[SCHOOL CODE],[REG_NUM],[PERS CODE],Student 119,DIPLOMA,-1,-1,-1.0
193,2020,MAY,[SUBJECT],HL,ENGLISH,[SCHOOL CODE],[REG_NUM],[PERS CODE],Student 64,DIPLOMA,-1,-1,-1.0
194,2020,MAY,[SUBJECT],HL,ENGLISH,[SCHOOL CODE],[REG_NUM],[PERS CODE],Student 100,DIPLOMA,-1,-1,-1.0
195,2020,MAY,[SUBJECT],HL,ENGLISH,[SCHOOL CODE],[REG_NUM],[PERS CODE],Student 131,DIPLOMA,-1,-1,-1.0
196,2020,MAY,[SUBJECT],HL,ENGLISH,[SCHOOL CODE],[REG_NUM],[PERS CODE],Student 89,DIPLOMA,-1,-1,-1.0
197,2020,MAY,[SUBJECT],HL,ENGLISH,[SCHOOL CODE],[REG_NUM],[PERS CODE],Student 73,DIPLOMA,-1,-1,-1.0
198,2020,MAY,[SUBJECT],HL,ENGLISH,[SCHOOL CODE],[REG_NUM],[PERS CODE],Student 109,DIPLOMA,-1,-1,-1.0
199,2020,MAY,[SUBJECT],HL,ENGLISH,[SCHOOL CODE],[REG_NUM],[PERS CODE],Student 94,DIPLOMA,-1,-1,-1.0
200,2020,MAY,[SUBJECT],HL,ENGLISH,[SCHOOL CODE],[REG_NUM],[PERS CODE],Student 69,DIPLOMA,-1,-1,-1.0
201,2020,MAY,[SUBJECT],HL,ENGLISH,[SCHOOL CODE],[REG_NUM],[PERS CODE],Student 79,DIPLOMA,-1,-1,-1.0
202,2020,MAY,[SUBJECT],HL,ENGLISH,[SCHOOL CODE],[REG_NUM],[PERS CODE],Student 84,DIPLOMA,-1,-1,-1.0
203,2020,MAY,[SUBJECT],HL,ENGLISH,[SCHOOL CODE],[REG_NUM],[PERS CODE],Student 85,DIPLOMA,-1,-1,-1.0
204,2020,MAY,[SUBJECT],HL,ENGLISH,[SCHOOL CODE],[REG_NUM],[PERS CODE],Student 65,DIPLOMA,-1,-1,-1.0
205,2020,MAY,[SUBJECT],SL,ENGLISH,[SCHOOL CODE],[REG_NUM],[PERS CODE],Student 104,DIPLOMA,-1,-1,-1.0
206,2020,MAY,[SUBJECT],SL,ENGLISH,[SCHOOL CODE],[REG_NUM],[PERS CODE],Student 102,DIPLOMA,-1,-1,-1.0
207,2020,MAY,[SUBJECT],SL,ENGLISH,[SCHOOL CODE],[REG_NUM],[PERS CODE],Student 83,DIPLOMA,-1,-1,-1.0
208,2020,MAY,[SUBJECT],SL,ENGLISH,[SCHOOL CODE],[REG_NUM],[PERS CODE],Student 81,DIPLOMA,-1,-1,-1.0
209,2020,MAY,[SUBJECT],SL,ENGLISH,[SCHOOL CODE],[REG_NUM],[PERS CODE],Student 90,DIPLOMA,-1,-1,-1.0
210,2020,MAY,[SUBJECT],SL,ENGLISH,[SCHOOL CODE],[REG_NUM],[PERS CODE],Student 112,COURSE,-1,-1,-1.0
211,2020,MAY,[SUBJECT],EE,ENGLISH,[SCHOOL CODE],[REG_NUM],[PERS CODE],Student 99,DIPLOMA,-1,-1,-1.0
212,2020,MAY,[SUBJECT],EE,ENGLISH,[SCHOOL CODE],[REG_NUM],[PERS CODE],Student 111,DIPLOMA,-1,-1,-1.0
213,2020,MAY,[SUBJECT],EE,ENGLISH,[SCHOOL CODE],[REG_NUM],[PERS CODE],Student 110,DIPLOMA,-1,-1,-1.0
214,2020,MAY,[SUBJECT],EE,ENGLISH,[SCHOOL CODE],[REG_NUM],[PERS CODE],Student 86,DIPLOMA,-1,-1,-1.0
215,2020,MAY,[SUBJECT],EE,ENGLISH,[SCHOOL CODE],[REG_NUM],[PERS CODE],Student 123,DIPLOMA,-1,-1,-1.0
216,2020,MAY,[SUBJECT],SL,ENGLISH,[SCHOOL CODE],[REG_NUM],[PERS CODE],Student 66,DIPLOMA,-1,-1,-1.0
217,2020,MAY,[SUBJECT],SL,ENGLISH,[SCHOOL CODE],[REG_NUM],[PERS CODE],Student 111,DIPLOMA,-1,-1,-1.0
218,2020,MAY,[SUBJECT],SL,ENGLISH,[SCHOOL CODE],[REG_NUM],[PERS CODE],Student 117,DIPLOMA,-1,-1,-1.0
219,2020,MAY,[SUBJECT],SL,ENGLISH,[SCHOOL CODE],[REG_NUM],[PERS CODE],Student 69,DIPLOMA,-1,-1,-1.0
220,2020,MAY,[SUBJECT],SL,ENGLISH,[SCHOOL CODE],[REG_NUM],[PERS CODE],Student 87,DIPLOMA,-1,-1,-1.0
221,2020,MAY,[SUBJECT],SL,ENGLISH,[SCHOOL CODE],[REG_NUM],[PERS CODE],Student 113,DIPLOMA,-1,-1,-1.0
222,2020,MAY,[SUBJECT],SL,ENGLISH,[SCHOOL CODE],[REG_NUM],[PERS CODE],Student 114,DIPLOMA,-1,-1,-1.0
223,2020,MAY,[SUBJECT],SL,ENGLISH,[SCHOOL CODE],[REG_NUM],[PERS CODE],Student 127,DIPLOMA,-1,-1,-1.0
224,2020,MAY,[SUBJECT],SL,ENGLISH,[SCHOOL CODE],[REG_NUM],[PERS CODE],Student 86,DIPLOMA,-1,-1,-1.0
225,2020,MAY,[SUBJECT],SL,ENGLISH,[SCHOOL CODE],[REG_NUM],[PERS CODE],Student 125,DIPLOMA,-1,-1,-1.0
226,2020,MAY,[SUBJECT],SL,ENGLISH,[SCHOOL CODE],[REG_NUM],[PERS CODE],Student 79,DIPLOMA,-1,-1,-1.0
227,2020,MAY,[SUBJECT],SL,ENGLISH,[SCHOOL CODE],[REG_NUM],[PERS CODE],Student 71,DIPLOMA,-1,-1,-1.0
228,2020,MAY,[SUBJECT],SL,ENGLISH,[SCHOOL CODE],[REG_NUM],[PERS CODE],Student 133,DIPLOMA,-1,-1,-1.0
229,2020,MAY,[SUBJECT],SL,ENGLISH,[SCHOOL CODE],[REG_NUM],[PERS CODE],Student 77,DIPLOMA,-1,-1,-1.0
230,2020,MAY,[SUBJECT],SL,ENGLISH,[SCHOOL CODE],[REG_NUM],[PERS CODE],Student 78,DIPLOMA,-1,-1,-1.0
231,2020,MAY,[SUBJECT],SL,ENGLISH,[SCHOOL CODE],[REG_NUM],[PERS CODE],Student 99,DIPLOMA,-1,-1,-1.0
232,2020,MAY,[SUBJECT],SL,ENGLISH,[SCHOOL CODE],[REG_NUM],[PERS CODE],Student 72,DIPLOMA,-1,-1,-1.0
233,2020,MAY,[SUBJECT],SL,ENGLISH,[SCHOOL CODE],[REG_NUM],[PERS CODE],Student 115,DIPLOMA,-1,-1,-1.0
234,2020,MAY,[SUBJECT],SL,ENGLISH,[SCHOOL CODE],[REG_NUM],[PERS CODE],Student 110,DIPLOMA,-1,-1,-1.0
235,2020,MAY,[SUBJECT],SL,ENGLISH,[SCHOOL CODE],[REG_NUM],[PERS CODE],Student 122,DIPLOMA,-1,-1,-1.0
236,2020,MAY,[SUBJECT],SL,ENGLISH,[SCHOOL CODE],[REG_NUM],[PERS CODE],Student 81,DIPLOMA,-1,-1,-1.0
237,2020,MAY,[SUBJECT],SL,ENGLISH,[SCHOOL CODE],[REG_NUM],[PERS CODE],Student 82,DIPLOMA,-1,-1,-1.0
238,2020,MAY,[SUBJECT],SL,ENGLISH,[SCHOOL CODE],[REG_NUM],[PERS CODE],Student 90,DIPLOMA,-1,-1,-1.0
239,2020,MAY,[SUBJECT],SL,ENGLISH,[SCHOOL CODE],[REG_NUM],[PERS CODE],Student 112,COURSE,-1,-1,-1.0
240,2020,MAY,[SUBJECT],SL,ENGLISH,[SCHOOL CODE],[REG_NUM],[PERS CODE],Student 126,COURSE,-1,-1,-1.0
241,2020,MAY,[SUBJECT],SL,ENGLISH,[SCHOOL CODE],[REG_NUM],[PERS CODE],Student 123,DIPLOMA,-1,-1,-1.0
242,2020,MAY,[SUBJECT],EE,ENGLISH,[SCHOOL CODE],[REG_NUM],[PERS CODE],Student 95,DIPLOMA,-1,-1,-1.0
243,2020,MAY,[SUBJECT],EE,ENGLISH,[SCHOOL CODE],[REG_NUM],[PERS CODE],Student 69,DIPLOMA,-1,-1,-1.0
244,2020,MAY,[SUBJECT],EE,ENGLISH,[SCHOOL CODE],[REG_NUM],[PERS CODE],Student 85,DIPLOMA,-1,-1,-1.0
245,2020,MAY,[SUBJECT],EE,ENGLISH,[SCHOOL CODE],[REG_NUM],[PERS CODE],Student 109,DIPLOMA,-1,-1,-1.0
246,2020,MAY,[SUBJECT],EE,ENGLISH,[SCHOOL CODE],[REG_NUM],[PERS CODE],Student 115,DIPLOMA,-1,-1,-1.0
247,2020,MAY,[SUBJECT],EE,ENGLISH,[SCHOOL CODE],[REG_NUM],[PERS CODE],Student 120,DIPLOMA,-1,-1,-1.0
248,2020,MAY,[SUBJECT],EE,ENGLISH,[SCHOOL CODE],[REG_NUM],[PERS CODE],Student 108,DIPLOMA,-1,-1,-1.0
249,2020,MAY,[SUBJECT],EE,ENGLISH,[SCHOOL CODE],[REG_NUM],[PERS CODE],Student 87,DIPLOMA,-1,-1,-1.0
250,2020,MAY,[SUBJECT],HL,ENGLISH,[SCHOOL CODE],[REG_NUM],[PERS CODE],Student 66,DIPLOMA,-1,-1,-1.0
251,2020,MAY,[SUBJECT],HL,ENGLISH,[SCHOOL CODE],[REG_NUM],[PERS CODE],Student 99,DIPLOMA,-1,-1,-1.0
252,2020,MAY,[SUBJECT],HL,ENGLISH,[SCHOOL CODE],[REG_NUM],[PERS CODE],Student 124,DIPLOMA,-1,-1,-1.0
253,2020,MAY,[SUBJECT],HL,ENGLISH,[SCHOOL CODE],[REG_NUM],[PERS CODE],Student 129,DIPLOMA,-1,-1,-1.0
254,2020,MAY,[SUBJECT],HL,ENGLISH,[SCHOOL CODE],[REG_NUM],[PERS CODE],Student 95,DIPLOMA,-1,-1,-1.0
255,2020,MAY,[SUBJECT],HL,ENGLISH,[SCHOOL CODE],[REG_NUM],[PERS CODE],Student 73,DIPLOMA,-1,-1,-1.0
256,2020,MAY,[SUBJECT],HL,ENGLISH,[SCHOOL CODE],[REG_NUM],[PERS CODE],Student 109,DIPLOMA,-1,-1,-1.0
257,2020,MAY,[SUBJECT],HL,ENGLISH,[SCHOOL CODE],[REG_NUM],[PERS CODE],Student 108,DIPLOMA,-1,-1,-1.0
258,2020,MAY,[SUBJECT],HL,ENGLISH,[SCHOOL CODE],[REG_NUM],[PERS CODE],Student 133,DIPLOMA,-1,-1,-1.0
259,2020,MAY,[SUBJECT],HL,ENGLISH,[SCHOOL CODE],[REG_NUM],[PERS CODE],Student 68,DIPLOMA,-1,-1,-1.0
260,2020,MAY,[SUBJECT],HL,ENGLISH,[SCHOOL CODE],[REG_NUM],[PERS CODE],Student 78,DIPLOMA,-1,-1,-1.0
261,2020,MAY,[SUBJECT],HL,ENGLISH,[SCHOOL CODE],[REG_NUM],[PERS CODE],Student 107,DIPLOMA,-1,-1,-1.0
262,2020,MAY,[SUBJECT],HL,ENGLISH,[SCHOOL CODE],[REG_NUM],[PERS CODE],Student 120,DIPLOMA,-1,-1,-1.0
263,2020,MAY,[SUBJECT],HL,ENGLISH,[SCHOOL CODE],[REG_NUM],[PERS CODE],Student 138,DIPLOMA,-1,-1,-1.0
264,2020,MAY,[SUBJECT],HL,ENGLISH,[SCHOOL CODE],[REG_NUM],[PERS CODE],Student 69,DIPLOMA,-1,-1,-1.0
265,2020,MAY,[SUBJECT],HL,ENGLISH,[SCHOOL CODE],[REG_NUM],[PERS CODE],Student 87,DIPLOMA,-1,-1,-1.0
266,2020,MAY,[SUBJECT],HL,ENGLISH,[SCHOOL CODE],[REG_NUM],[PERS CODE],Student 113,DIPLOMA,-1,-1,-1.0
267,2020,MAY,[SUBJECT],HL,ENGLISH,[SCHOOL CODE],[REG_NUM],[PERS CODE],Student 81,DIPLOMA,-1,-1,-1.0
268,2020,MAY,[SUBJECT],HL,ENGLISH,[SCHOOL CODE],[REG_NUM],[PERS CODE],Student 80,DIPLOMA,-1,-1,-1.0
269,2020,MAY,[SUBJECT],HL,ENGLISH,[SCHOOL CODE],[REG_NUM],[PERS CODE],Student 77,DIPLOMA,-1,-1,-1.0
270,2020,MAY,[SUBJECT],HL,ENGLISH,[SCHOOL CODE],[REG_NUM],[PERS CODE],Student 97,DIPLOMA,-1,-1,-1.0
271,2020,MAY,[SUBJECT],HL,ENGLISH,[SCHOOL CODE],[REG_NUM],[PERS CODE],Student 85,DIPLOMA,-1,-1,-1.0
272,2020,MAY,[SUBJECT],HL,ENGLISH,[SCHOOL CODE],[REG_NUM],[PERS CODE],Student 65,DIPLOMA,-1,-1,-1.0
273,2020,MAY,[SUBJECT],HL,ENGLISH,[SCHOOL CODE],[REG_NUM],[PERS CODE],Student 115,DIPLOMA,-1,-1,-1.0
274,2020,MAY,[SUBJECT],HL,ENGLISH,[SCHOOL CODE],[REG_NUM],[PERS CODE],Student 98,DIPLOMA,-1,-1,-1.0
275,2020,MAY,[SUBJECT],HL,ENGLISH,[SCHOOL CODE],[REG_NUM],[PERS CODE],Student 125,DIPLOMA,-1,-1,-1.0
276,2020,MAY,[SUBJECT],HL,ENGLISH,[SCHOOL CODE],[REG_NUM],[PERS CODE],Student 130,DIPLOMA,-1,-1,-1.0
277,2020,MAY,[SUBJECT],HL,ENGLISH,[SCHOOL CODE],[REG_NUM],[PERS CODE],Student 82,DIPLOMA,-1,-1,-1.0
278,2020,MAY,[SUBJECT],SL,ENGLISH,[SCHOOL CODE],[REG_NUM],[PERS CODE],Student 101,DIPLOMA,-1,-1,-1.0
279,2020,MAY,[SUBJECT],SL,ENGLISH,[SCHOOL CODE],[REG_NUM],[PERS CODE],Student 136,DIPLOMA,-1,-1,-1.0
280,2020,MAY,[SUBJECT],SL,ENGLISH,[SCHOOL CODE],[REG_NUM],[PERS CODE],Student 96,DIPLOMA,-1,-1,-1.0
281,2020,MAY,[SUBJECT],SL,ENGLISH,[SCHOOL CODE],[REG_NUM],[PERS CODE],Student 116,DIPLOMA,-1,-1,-1.0
282,2020,MAY,[SUBJECT],SL,ENGLISH,[SCHOOL CODE],[REG_NUM],[PERS CODE],Student 105,DIPLOMA,-1,-1,-1.0
283,2020,MAY,[SUBJECT],SL,ENGLISH,[SCHOOL CODE],[REG_NUM],[PERS CODE],Student 70,DIPLOMA,-1,-1,-1.0
284,2020,MAY,[SUBJECT],SL,ENGLISH,[SCHOOL CODE],[REG_NUM],[PERS CODE],Student 103,DIPLOMA,-1,-1,-1.0
285,2020,MAY,[SUBJECT],SL,ENGLISH,[SCHOOL CODE],[REG_NUM],[PERS CODE],Student 122,DIPLOMA,-1,-1,-1.0
286,2020,MAY,[SUBJECT],SL,ENGLISH,[SCHOOL CODE],[REG_NUM],[PERS CODE],Student 123,DIPLOMA,-1,-1,-1.0
287,2020,MAY,[SUBJECT],EE,ENGLISH,[SCHOOL CODE],[REG_NUM],[PERS CODE],Student 73,DIPLOMA,-1,-1,-1.0
288,2020,MAY,[SUBJECT],EE,ENGLISH,[SCHOOL CODE],[REG_NUM],[PERS CODE],Student 82,DIPLOMA,-1,-1,-1.0
289,2020,MAY,[SUBJECT],EE,ENGLISH,[SCHOOL CODE],[REG_NUM],[PERS CODE],Student 107,DIPLOMA,-1,-1,-1.0
290,2020,MAY,[SUBJECT],EE,ENGLISH,[SCHOOL CODE],[REG_NUM],[PERS CODE],Student 88,DIPLOMA,-1,-1,-1.0
291,2020,MAY,[SUBJECT],EE,ENGLISH,[SCHOOL CODE],[REG_NUM],[PERS CODE],Student 129,DIPLOMA,-1,-1,-1.0
292,2020,MAY,[SUBJECT],HL,ENGLISH,[SCHOOL CODE],[REG_NUM],[PERS CODE],Student 124,DIPLOMA,-1,-1,-1.0
293,2020,MAY,[SUBJECT],HL,ENGLISH,[SCHOOL CODE],[REG_NUM],[PERS CODE],Student 92,DIPLOMA,-1,-1,-1.0
294,2020,MAY,[SUBJECT],HL,ENGLISH,[SCHOOL CODE],[REG_NUM],[PERS CODE],Student 88,DIPLOMA,-1,-1,-1.0
295,2020,MAY,[SUBJECT],HL,ENGLISH,[SCHOOL CODE],[REG_NUM],[PERS CODE],Student 129,DIPLOMA,-1,-1,-1.0
296,2020,MAY,[SUBJECT],HL,ENGLISH,[SCHOOL CODE],[REG_NUM],[PERS CODE],Student 107,DIPLOMA,-1,-1,-1.0
297,2020,MAY,[SUBJECT],HL,ENGLISH,[SCHOOL CODE],[REG_NUM],[PERS CODE],Student 91,DIPLOMA,-1,-1,-1.0
298,2020,MAY,[SUBJECT],HL,ENGLISH,[SCHOOL CODE],[REG_NUM],[PERS CODE],Student 137,DIPLOMA,-1,-1,-1.0
299,2020,MAY,[SUBJECT],HL,ENGLISH,[SCHOOL CODE],[REG_NUM],[PERS CODE],Student 128,DIPLOMA,-1,-1,-1.0
300,2020,MAY,[SUBJECT],HL,ENGLISH,[SCHOOL CODE],[REG_NUM],[PERS CODE],Student 82,DIPLOMA,-1,-1,-1.0
301,2020,MAY,[SUBJECT],HL,ENGLISH,[SCHOOL CODE],[REG_NUM],[PERS CODE],Student 134,DIPLOMA,-1,-1,-1.0
302,2020,MAY,[SUBJECT],HL,ENGLISH,[SCHOOL CODE],[REG_NUM],[PERS CODE],Student 98,DIPLOMA,-1,-1,-1.0
303,2020,MAY,[SUBJECT],HL,ENGLISH,[SCHOOL CODE],[REG_NUM],[PERS CODE],Student 76,DIPLOMA,-1,-1,-1.0
304,2020,MAY,[SUBJECT],EE,ENGLISH,[SCHOOL CODE],[REG_NUM],[PERS CODE],Student 118,DIPLOMA,-1,-1,-1.0
305,2020,MAY,[SUBJECT],EE,ENGLISH,[SCHOOL CODE],[REG_NUM],[PERS CODE],Student 93,DIPLOMA,-1,-1,-1.0
306,2020,MAY,[SUBJECT],EE,ENGLISH,[SCHOOL CODE],[REG_NUM],[PERS CODE],Student 137,DIPLOMA,-1,-1,-1.0
307,2020,MAY,[SUBJECT],EE,ENGLISH,[SCHOOL CODE],[REG_NUM],[PERS CODE],Student 67,DIPLOMA,-1,-1,-1.0
308,2020,MAY,[SUBJECT],EE,ENGLISH,[SCHOOL CODE],[REG_NUM],[PERS CODE],Student 128,DIPLOMA,-1,-1,-1.0
309,2020,MAY,[SUBJECT],EE,ENGLISH,[SCHOOL CODE],[REG_NUM],[PERS CODE],Student 106,DIPLOMA,-1,-1,-1.0
310,2020,MAY,[SUBJECT],EE,ENGLISH,[SCHOOL CODE],[REG_NUM],[PERS CODE],Student 127,DIPLOMA,-1,-1,-1.0
311,2020,MAY,[SUBJECT],HL,ENGLISH,[SCHOOL CODE],[REG_NUM],[PERS CODE],Student 101,DIPLOMA,-1,-1,-1.0
312,2020,MAY,[SUBJECT],HL,ENGLISH,[SCHOOL CODE],[REG_NUM],[PERS CODE],Student 88,DIPLOMA,-1,-1,-1.0
313,2020,MAY,[SUBJECT],HL,ENGLISH,[SCHOOL CODE],[REG_NUM],[PERS CODE],Student 135,DIPLOMA,-1,-1,-1.0
314,2020,MAY,[SUBJECT],HL,ENGLISH,[SCHOOL CODE],[REG_NUM],[PERS CODE],Student 106,DIPLOMA,-1,-1,-1.0
315,2020,MAY,[SUBJECT],HL,ENGLISH,[SCHOOL CODE],[REG_NUM],[PERS CODE],Student 118,DIPLOMA,-1,-1,-1.0
316,2020,MAY,[SUBJECT],HL,ENGLISH,[SCHOOL CODE],[REG_NUM],[PERS CODE],Student 127,DIPLOMA,-1,-1,-1.0
317,2020,MAY,[SUBJECT],HL,ENGLISH,[SCHOOL CODE],[REG_NUM],[PERS CODE],Student 67,DIPLOMA,-1,-1,-1.0
318,2020,MAY,[SUBJECT],HL,ENGLISH,[SCHOOL CODE],[REG_NUM],[PERS CODE],Student 111,DIPLOMA,-1,-1,-1.0
319,2020,MAY,[SUBJECT],HL,ENGLISH,[SCHOOL CODE],[REG_NUM],[PERS CODE],Student 93,DIPLOMA,-1,-1,-1.0
320,2020,MAY,[SUBJECT],HL,ENGLISH,[SCHOOL CODE],[REG_NUM],[PERS CODE],Student 132,DIPLOMA,-1,-1,-1.0
321,2020,MAY,[SUBJECT],HL,ENGLISH,[SCHOOL CODE],[REG_NUM],[PERS CODE],Student 128,DIPLOMA,-1,-1,-1.0
322,2020,MAY,[SUBJECT],HL,ENGLISH,[SCHOOL CODE],[REG_NUM],[PERS CODE],Student 87,DIPLOMA,-1,-1,-1.0
323,2020,MAY,[SUBJECT],HL,ENGLISH,[SCHOOL CODE],[REG_NUM],[PERS CODE],Student 119,DIPLOMA,-1,-1,-1.0
324,2020,MAY,[SUBJECT],HL,ENGLISH,[SCHOOL CODE],[REG_NUM],[PERS CODE],Student 91,DIPLOMA,-1,-1,-1.0
325,2020,MAY,[SUBJECT],HL,ENGLISH,[SCHOOL CODE],[REG_NUM],[PERS CODE],Student 92,DIPLOMA,-1,-1,-1.0
326,2020,MAY,[SUBJECT],HL,ENGLISH,[SCHOOL CODE],[REG_NUM],[PERS CODE],Student 120,DIPLOMA,-1,-1,-1.0
327,2020,MAY,[SUBJECT],HL,ENGLISH,[SCHOOL CODE],[REG_NUM],[PERS CODE],Student 137,DIPLOMA,-1,-1,-1.0
328,2020,MAY,[SUBJECT],EE,ENGLISH,[SCHOOL CODE],[REG_NUM],[PERS CODE],Student 105,DIPLOMA,-1,-1,-1.0
329,2020,MAY,[SUBJECT],EE,ENGLISH,[SCHOOL CODE],[REG_NUM],[PERS CODE],Student 84,DIPLOMA,-1,-1,-1.0
330,2020,MAY,[SUBJECT],HL,ENGLISH,[SCHOOL CODE],[REG_NUM],[PERS CODE],Student 86,DIPLOMA,-1,-1,-1.0
331,2020,MAY,[SUBJECT],HL,ENGLISH,[SCHOOL CODE],[REG_NUM],[PERS CODE],Student 136,DIPLOMA,-1,-1,-1.0
332,2020,MAY,[SUBJECT],HL,ENGLISH,[SCHOOL CODE],[REG_NUM],[PERS CODE],Student 106,DIPLOMA,-1,-1,-1.0
333,2020,MAY,[SUBJECT],HL,ENGLISH,[SCHOOL CODE],[REG_NUM],[PERS CODE],Student 84,DIPLOMA,-1,-1,-1.0
334,2020,MAY,[SUBJECT],HL,ENGLISH,[SCHOOL CODE],[REG_NUM],[PERS CODE],Student 118,DIPLOMA,-1,-1,-1.0
335,2020,MAY,[SUBJECT],HL,ENGLISH,[SCHOOL CODE],[REG_NUM],[PERS CODE],Student 124,DIPLOMA,-1,-1,-1.0
336,2020,MAY,[SUBJECT],HL,ENGLISH,[SCHOOL CODE],[REG_NUM],[PERS CODE],Student 93,DIPLOMA,-1,-1,-1.0
337,2020,MAY,[SUBJECT],HL,ENGLISH,[SCHOOL CODE],[REG_NUM],[PERS CODE],Student 72,DIPLOMA,-1,-1,-1.0
338,2020,MAY,[SUBJECT],HL,ENGLISH,[SCHOOL CODE],[REG_NUM],[PERS CODE],Student 132,DIPLOMA,-1,-1,-1.0
339,2020,MAY,[SUBJECT],HL,ENGLISH,[SCHOOL CODE],[REG_NUM],[PERS CODE],Student 68,DIPLOMA,-1,-1,-1.0
340,2020,MAY,[SUBJECT],HL,ENGLISH,[SCHOOL CODE],[REG_NUM],[PERS CODE],Student 102,DIPLOMA,-1,-1,-1.0
341,2020,MAY,[SUBJECT],HL,ENGLISH,[SCHOOL CODE],[REG_NUM],[PERS CODE],Student 105,DIPLOMA,-1,-1,-1.0
342,2020,MAY,[SUBJECT],HL,ENGLISH,[SCHOOL CODE],[REG_NUM],[PERS CODE],Student 97,DIPLOMA,-1,-1,-1.0
343,2020,MAY,[SUBJECT],HL,ENGLISH,[SCHOOL CODE],[REG_NUM],[PERS CODE],Student 131,DIPLOMA,-1,-1,-1.0
344,2020,MAY,[SUBJECT],HL,ENGLISH,[SCHOOL CODE],[REG_NUM],[PERS CODE],Student 129,DIPLOMA,-1,-1,-1.0
345,2020,MAY,[SUBJECT],HL,ENGLISH,[SCHOOL CODE],[REG_NUM],[PERS CODE],Student 67,DIPLOMA,-1,-1,-1.0
346,2020,MAY,[SUBJECT],HL,ENGLISH,[SCHOOL CODE],[REG_NUM],[PERS CODE],Student 75,DIPLOMA,-1,-1,-1.0
347,2020,MAY,[SUBJECT],HL,ENGLISH,[SCHOOL CODE],[REG_NUM],[PERS CODE],Student 89,DIPLOMA,-1,-1,-1.0
348,2020,MAY,[SUBJECT],HL,ENGLISH,[SCHOOL CODE],[REG_NUM],[PERS CODE],Student 83,DIPLOMA,-1,-1,-1.0
349,2020,MAY,[SUBJECT],HL,ENGLISH,[SCHOOL CODE],[REG_NUM],[PERS CODE],Student 107,DIPLOMA,-1,-1,-1.0
350,2020,MAY,[SUBJECT],HL,ENGLISH,[SCHOOL CODE],[REG_NUM],[PERS CODE],Student 137,DIPLOMA,-1,-1,-1.0
351,2020,MAY,[SUBJECT],HL,ENGLISH,[SCHOOL CODE],[REG_NUM],[PERS CODE],Student 91,DIPLOMA,-1,-1,-1.0
352,2020,MAY,[SUBJECT],HL,ENGLISH,[SCHOOL CODE],[REG_NUM],[PERS CODE],Student 85,DIPLOMA,-1,-1,-1.0
353,2020,MAY,[SUBJECT],HL,ENGLISH,[SCHOOL CODE],[REG_NUM],[PERS CODE],Student 65,DIPLOMA,-1,-1,-1.0
354,2020,MAY,[SUBJECT],HL,ENGLISH,[SCHOOL CODE],[REG_NUM],[PERS CODE],Student 123,DIPLOMA,-1,-1,-1.0
355,2020,MAY,[SUBJECT],HL,ENGLISH,[SCHOOL CODE],[REG_NUM],[PERS CODE],Student 135,DIPLOMA,-1,-1,-1.0
356,2020,MAY,[SUBJECT],SL,ENGLISH,[SCHOOL CODE],[REG_NUM],[PERS CODE],Student 64,DIPLOMA,-1,-1,-1.0
357,2020,MAY,[SUBJECT],SL,ENGLISH,[SCHOOL CODE],[REG_NUM],[PERS CODE],Student 95,DIPLOMA,-1,-1,-1.0
358,2020,MAY,[SUBJECT],SL,ENGLISH,[SCHOOL CODE],[REG_NUM],[PERS CODE],Student 80,DIPLOMA,-1,-1,-1.0
359,2020,MAY,[SUBJECT],SL,ENGLISH,[SCHOOL CODE],[REG_NUM],[PERS CODE],Student 100,DIPLOMA,-1,-1,-1.0
360,2020,MAY,[SUBJECT],SL,ENGLISH,[SCHOOL CODE],[REG_NUM],[PERS CODE],Student 109,DIPLOMA,-1,-1,-1.0
361,2020,MAY,[SUBJECT],SL,ENGLISH,[SCHOOL CODE],[REG_NUM],[PERS CODE],Student 98,DIPLOMA,-1,-1,-1.0
362,2020,MAY,[SUBJECT],SL,ENGLISH,[SCHOOL CODE],[REG_NUM],[PERS CODE],Student 128,DIPLOMA,-1,-1,-1.0
363,2020,MAY,[SUBJECT],SL,ENGLISH,[SCHOOL CODE],[REG_NUM],[PERS CODE],Student 134,DIPLOMA,-1,-1,-1.0
364,2020,MAY,[SUBJECT],EE,ENGLISH,[SCHOOL CODE],[REG_NUM],[PERS CODE],Student 76,DIPLOMA,-1,-1,-1.0
365,2020,MAY,[SUBJECT],EE,ENGLISH,[SCHOOL CODE],[REG_NUM],[PERS CODE],Student 131,DIPLOMA,-1,-1,-1.0
366,2020,MAY,[SUBJECT],HL,ENGLISH,[SCHOOL CODE],[REG_NUM],[PERS CODE],Student 111,DIPLOMA,-1,-1,-1.0
367,2020,MAY,[SUBJECT],HL,ENGLISH,[SCHOOL CODE],[REG_NUM],[PERS CODE],Student 105,DIPLOMA,-1,-1,-1.0
368,2020,MAY,[SUBJECT],HL,ENGLISH,[SCHOOL CODE],[REG_NUM],[PERS CODE],Student 121,DIPLOMA,-1,-1,-1.0
369,2020,MAY,[SUBJECT],HL,ENGLISH,[SCHOOL CODE],[REG_NUM],[PERS CODE],Student 104,DIPLOMA,-1,-1,-1.0
370,2020,MAY,[SUBJECT],HL,ENGLISH,[SCHOOL CODE],[REG_NUM],[PERS CODE],Student 71,DIPLOMA,-1,-1,-1.0
371,2020,MAY,[SUBJECT],HL,ENGLISH,[SCHOOL CODE],[REG_NUM],[PERS CODE],Student 68,DIPLOMA,-1,-1,-1.0
372,2020,MAY,[SUBJECT],HL,ENGLISH,[SCHOOL CODE],[REG_NUM],[PERS CODE],Student 102,DIPLOMA,-1,-1,-1.0
373,2020,MAY,[SUBJECT],HL,ENGLISH,[SCHOOL CODE],[REG_NUM],[PERS CODE],Student 131,DIPLOMA,-1,-1,-1.0
374,2020,MAY,[SUBJECT],HL,ENGLISH,[SCHOOL CODE],[REG_NUM],[PERS CODE],Student 89,DIPLOMA,-1,-1,-1.0
375,2020,MAY,[SUBJECT],HL,ENGLISH,[SCHOOL CODE],[REG_NUM],[PERS CODE],Student 83,DIPLOMA,-1,-1,-1.0
376,2020,MAY,[SUBJECT],HL,ENGLISH,[SCHOOL CODE],[REG_NUM],[PERS CODE],Student 135,DIPLOMA,-1,-1,-1.0
377,2020,MAY,[SUBJECT],HL,ENGLISH,[SCHOOL CODE],[REG_NUM],[PERS CODE],Student 118,DIPLOMA,-1,-1,-1.0
378,2020,MAY,[SUBJECT],HL,ENGLISH,[SCHOOL CODE],[REG_NUM],[PERS CODE],Student 94,DIPLOMA,-1,-1,-1.0
379,2020,MAY,[SUBJECT],HL,ENGLISH,[SCHOOL CODE],[REG_NUM],[PERS CODE],Student 76,DIPLOMA,-1,-1,-1.0
380,2020,MAY,[SUBJECT],SL,ENGLISH,[SCHOOL CODE],[REG_NUM],[PERS CODE],Student 93,DIPLOMA,-1,-1,-1.0
381,2020,MAY,[SUBJECT],SL,ENGLISH,[SCHOOL CODE],[REG_NUM],[PERS CODE],Student 97,DIPLOMA,-1,-1,-1.0
382,2020,MAY,[SUBJECT],SL,ENGLISH,[SCHOOL CODE],[REG_NUM],[PERS CODE],Student 106,DIPLOMA,-1,-1,-1.0
383,2020,MAY,[SUBJECT],EE,ENGLISH,[SCHOOL CODE],[REG_NUM],[PERS CODE],Student 96,DIPLOMA,-1,-1,-1.0
384,2020,MAY,[SUBJECT],EE,ENGLISH,[SCHOOL CODE],[REG_NUM],[PERS CODE],Student 119,DIPLOMA,-1,-1,-1.0
385,2020,MAY,[SUBJECT],HL,ENGLISH,[SCHOOL CODE],[REG_NUM],[PERS CODE],Student 88,DIPLOMA,-1,-1,-1.0
386,2020,MAY,[SUBJECT],HL,ENGLISH,[SCHOOL CODE],[REG_NUM],[PERS CODE],Student 96,DIPLOMA,-1,-1,-1.0
387,2020,MAY,[SUBJECT],HL,ENGLISH,[SCHOOL CODE],[REG_NUM],[PERS CODE],Student 71,DIPLOMA,-1,-1,-1.0
388,2020,MAY,[SUBJECT],HL,ENGLISH,[SCHOOL CODE],[REG_NUM],[PERS CODE],Student 119,DIPLOMA,-1,-1,-1.0
389,2020,MAY,[SUBJECT],HL,ENGLISH,[SCHOOL CODE],[REG_NUM],[PERS CODE],Student 70,DIPLOMA,-1,-1,-1.0
390,2020,MAY,[SUBJECT],HL,ENGLISH,[SCHOOL CODE],[REG_NUM],[PERS CODE],Student 138,DIPLOMA,-1,-1,-1.0
391,2020,MAY,[SUBJECT],HL,ENGLISH,[SCHOOL CODE],[REG_NUM],[PERS CODE],Student 76,DIPLOMA,-1,-1,-1.0
392,2020,MAY,[SUBJECT],SL,ENGLISH,[SCHOOL CODE],[REG_NUM],[PERS CODE],Student 116,DIPLOMA,-1,-1,-1.0
393,2020,MAY,[SUBJECT],SL,ENGLISH,[SCHOOL CODE],[REG_NUM],[PERS CODE],Student 75,DIPLOMA,-1,-1,-1.0
394,2020,MAY,[SUBJECT],SL,ENGLISH,[SCHOOL CODE],[REG_NUM],[PERS CODE],Student 84,DIPLOMA,-1,-1,-1.0
395,2020,MAY,[SUBJECT],SL,ENGLISH,[SCHOOL CODE],[REG_NUM],[PERS CODE],Student 92,DIPLOMA,-1,-1,-1.0
396,2020,MAY,[SUBJECT],EE,ENGLISH,[SCHOOL CODE],[REG_NUM],[PERS CODE],Student 136,DIPLOMA,-1,-1,-1.0
397,2020,MAY,[SUBJECT],EE,ENGLISH,[SCHOOL CODE],[REG_NUM],[PERS CODE],Student 116,DIPLOMA,-1,-1,-1.0
398,2020,MAY,[SUBJECT],EE,ENGLISH,[SCHOOL CODE],[REG_NUM],[PERS CODE],Student 70,DIPLOMA,-1,-1,-1.0
399,2020,MAY,[SUBJECT],EE,ENGLISH,[SCHOOL CODE],[REG_NUM],[PERS CODE],Student 130,DIPLOMA,-1,-1,-1.0
400,2020,MAY,[SUBJECT],HL,ENGLISH,[SCHOOL CODE],[REG_NUM],[PERS CODE],Student 121,DIPLOMA,-1,-1,-1.0
401,2020,MAY,[SUBJECT],HL,ENGLISH,[SCHOOL CODE],[REG_NUM],[PERS CODE],Student 104,DIPLOMA,-1,-1,-1.0
402,2020,MAY,[SUBJECT],HL,ENGLISH,[SCHOOL CODE],[REG_NUM],[PERS CODE],Student 116,DIPLOMA,-1,-1,-1.0
403,2020,MAY,[SUBJECT],HL,ENGLISH,[SCHOOL CODE],[REG_NUM],[PERS CODE],Student 70,DIPLOMA,-1,-1,-1.0
404,2020,MAY,[SUBJECT],HL,ENGLISH,[SCHOOL CODE],[REG_NUM],[PERS CODE],Student 101,DIPLOMA,-1,-1,-1.0
405,2020,MAY,[SUBJECT],HL,ENGLISH,[SCHOOL CODE],[REG_NUM],[PERS CODE],Student 96,DIPLOMA,-1,-1,-1.0
406,2020,MAY,[SUBJECT],HL,ENGLISH,[SCHOOL CODE],[REG_NUM],[PERS CODE],Student 67,DIPLOMA,-1,-1,-1.0
407,2020,MAY,[SUBJECT],HL,ENGLISH,[SCHOOL CODE],[REG_NUM],[PERS CODE],Student 103,DIPLOMA,-1,-1,-1.0
408,2020,MAY,[SUBJECT],HL,ENGLISH,[SCHOOL CODE],[REG_NUM],[PERS CODE],Student 122,DIPLOMA,-1,-1,-1.0
409,2020,MAY,[SUBJECT],HL,ENGLISH,[SCHOOL CODE],[REG_NUM],[PERS CODE],Student 100,DIPLOMA,-1,-1,-1.0
410,2020,MAY,[SUBJECT],HL,ENGLISH,[SCHOOL CODE],[REG_NUM],[PERS CODE],Student 94,DIPLOMA,-1,-1,-1.0
411,2020,MAY,[SUBJECT],HL,ENGLISH,[SCHOOL CODE],[REG_NUM],[PERS CODE],Student 130,DIPLOMA,-1,-1,-1.0
412,2020,MAY,[SUBJECT],SL,ENGLISH,[SCHOOL CODE],[REG_NUM],[PERS CODE],Student 108,DIPLOMA,-1,-1,-1.0
413,2020,MAY,[SUBJECT],SL,ENGLISH,[SCHOOL CODE],[REG_NUM],[PERS CODE],Student 136,DIPLOMA,-1,-1,-1.0
414,2020,MAY,[SUBJECT],SL,ENGLISH,[SCHOOL CODE],[REG_NUM],[PERS CODE],Student 120,DIPLOMA,-1,-1,-1.0
415,2020,MAY,[SUBJECT],SL,ENGLISH,[SCHOOL CODE],[REG_NUM],[PERS CODE],Student 73,DIPLOMA,-1,-1,-1.0
416,2020,MAY,MATH.STUDIES,SL,ENGLISH,[SCHOOL CODE],[REG_NUM],[PERS CODE],Student 102,DIPLOMA,-1,6,69.0
417,2020,MAY,MATH.STUDIES,SL,ENGLISH,[SCHOOL CODE],[REG_NUM],[PERS CODE],Student 105,DIPLOMA,-1,6,68.0
418,2020,MAY,MATH.STUDIES,SL,ENGLISH,[SCHOOL CODE],[REG_NUM],[PERS CODE],Student 97,DIPLOMA,-1,6,60.0
419,2020,MAY,MATH.STUDIES,SL,ENGLISH,[SCHOOL CODE],[REG_NUM],[PERS CODE],Student 93,DIPLOMA,-1,6,68.0
420,2020,MAY,MATH.STUDIES,SL,ENGLISH,[SCHOOL CODE],[REG_NUM],[PERS CODE],Student 86,DIPLOMA,-1,6,73.0
421,2020,MAY,MATH.STUDIES,SL,ENGLISH,[SCHOOL CODE],[REG_NUM],[PERS CODE],Student 99,DIPLOMA,-1,5,46.0
422,2020,MAY,MATH.STUDIES,SL,ENGLISH,[SCHOOL CODE],[REG_NUM],[PERS CODE],Student 124,DIPLOMA,-1,5,65.0
423,2020,MAY,MATH.STUDIES,SL,ENGLISH,[SCHOOL CODE],[REG_NUM],[PERS CODE],Student 127,DIPLOMA,-1,5,62.0
424,2020,MAY,MATH.STUDIES,SL,ENGLISH,[SCHOOL CODE],[REG_NUM],[PERS CODE],Student 109,DIPLOMA,-1,5,46.0
425,2020,MAY,MATH.STUDIES,SL,ENGLISH,[SCHOOL CODE],[REG_NUM],[PERS CODE],Student 107,DIPLOMA,-1,5,46.0
426,2020,MAY,MATH.STUDIES,SL,ENGLISH,[SCHOOL CODE],[REG_NUM],[PERS CODE],Student 115,DIPLOMA,-1,5,54.0
427,2020,MAY,MATH.STUDIES,SL,ENGLISH,[SCHOOL CODE],[REG_NUM],[PERS CODE],Student 120,DIPLOMA,-1,5,62.0
428,2020,MAY,MATH.STUDIES,SL,ENGLISH,[SCHOOL CODE],[REG_NUM],[PERS CODE],Student 103,DIPLOMA,-1,5,58.0
429,2020,MAY,MATH.STUDIES,SL,ENGLISH,[SCHOOL CODE],[REG_NUM],[PERS CODE],Student 98,DIPLOMA,-1,5,58.0
430,2020,MAY,MATH.STUDIES,SL,ENGLISH,[SCHOOL CODE],[REG_NUM],[PERS CODE],Student 133,DIPLOMA,-1,4,42.0
431,2020,MAY,MATH.STUDIES,SL,ENGLISH,[SCHOOL CODE],[REG_NUM],[PERS CODE],Student 68,DIPLOMA,-1,4,53.0
432,2020,MAY,MATH.STUDIES,SL,ENGLISH,[SCHOOL CODE],[REG_NUM],[PERS CODE],Student 78,DIPLOMA,-1,4,42.0
433,2020,MAY,MATH.STUDIES,SL,ENGLISH,[SCHOOL CODE],[REG_NUM],[PERS CODE],Student 137,DIPLOMA,-1,4,51.0
434,2020,MAY,MATH.STUDIES,SL,ENGLISH,[SCHOOL CODE],[REG_NUM],[PERS CODE],Student 128,DIPLOMA,-1,4,44.0
435,2020,MAY,MATH.STUDIES,SL,ENGLISH,[SCHOOL CODE],[REG_NUM],[PERS CODE],Student 81,DIPLOMA,-1,4,51.0
436,2020,MAY,MATH.STUDIES,SL,ENGLISH,[SCHOOL CODE],[REG_NUM],[PERS CODE],Student 123,DIPLOMA,-1,4,51.0
437,2020,MAY,MATH.STUDIES,SL,ENGLISH,[SCHOOL CODE],[REG_NUM],[PERS CODE],Student 82,DIPLOMA,-1,4,35.0
438,2020,MAY,MATH.STUDIES,SL,ENGLISH,[SCHOOL CODE],[REG_NUM],[PERS CODE],Student 90,DIPLOMA,-1,4,51.0
439,2020,MAY,MATH.STUDIES,SL,ENGLISH,[SCHOOL CODE],[REG_NUM],[PERS CODE],Student 112,COURSE,-1,3,32.0
440,2020,MAY,MATH.STUDIES,SL,ENGLISH,[SCHOOL CODE],[REG_NUM],[PERS CODE],Student 77,DIPLOMA,-1,3,30.0
441,2020,MAY,MATH.STUDIES,SL,ENGLISH,[SCHOOL CODE],[REG_NUM],[PERS CODE],Student 91,DIPLOMA,-1,3,39.0
442,2020,MAY,MATH.STUDIES,SL,ENGLISH,[SCHOOL CODE],[REG_NUM],[PERS CODE],Student 126,COURSE,-1,3,32.0
443,2020,MAY,MATH.STUDIES,SL,ENGLISH,[SCHOOL CODE],[REG_NUM],[PERS CODE],Student 83,DIPLOMA,-1,3,40.0
444,2020,MAY,MATH.STUDIES,SL,ENGLISH,[SCHOOL CODE],[REG_NUM],[PERS CODE],Student 65,DIPLOMA,-1,3,40.0
445,2020,MAY,MATH.STUDIES,SL,ENGLISH,[SCHOOL CODE],[REG_NUM],[PERS CODE],Student 134,DIPLOMA,-1,2,21.0
446,2020,MAY,MATHEMATICS,EE,ENGLISH,[SCHOOL CODE],[REG_NUM],[PERS CODE],Student 101,DIPLOMA,-1,B,25.0
447,2020,MAY,MATHEMATICS,HL,ENGLISH,[SCHOOL CODE],[REG_NUM],[PERS CODE],Student 114,DIPLOMA,-1,7,75.0
448,2020,MAY,MATHEMATICS,HL,ENGLISH,[SCHOOL CODE],[REG_NUM],[PERS CODE],Student 117,DIPLOMA,-1,7,76.0
449,2020,MAY,MATHEMATICS,HL,ENGLISH,[SCHOOL CODE],[REG_NUM],[PERS CODE],Student 116,DIPLOMA,-1,6,65.0
450,2020,MAY,MATHEMATICS,HL,ENGLISH,[SCHOOL CODE],[REG_NUM],[PERS CODE],Student 101,DIPLOMA,-1,5,61.0
451,2020,MAY,MATHEMATICS,HL,ENGLISH,[SCHOOL CODE],[REG_NUM],[PERS CODE],Student 104,DIPLOMA,-1,5,62.0
452,2020,MAY,MATHEMATICS,HL,ENGLISH,[SCHOOL CODE],[REG_NUM],[PERS CODE],Student 70,DIPLOMA,-1,5,55.0
453,2020,MAY,MATHEMATICS,HL,ENGLISH,[SCHOOL CODE],[REG_NUM],[PERS CODE],Student 136,DIPLOMA,-1,5,54.0
454,2020,MAY,MATHEMATICS,HL,ENGLISH,[SCHOOL CODE],[REG_NUM],[PERS CODE],Student 96,DIPLOMA,-1,5,56.0
455,2020,MAY,MATHEMATICS,HL,ENGLISH,[SCHOOL CODE],[REG_NUM],[PERS CODE],Student 84,DIPLOMA,-1,5,61.0
456,2020,MAY,MATHEMATICS,HL,ENGLISH,[SCHOOL CODE],[REG_NUM],[PERS CODE],Student 122,DIPLOMA,-1,3,40.0
457,2020,MAY,MATHEMATICS,SL,ENGLISH,[SCHOOL CODE],[REG_NUM],[PERS CODE],Student 121,DIPLOMA,-1,7,84.0
458,2020,MAY,MATHEMATICS,SL,ENGLISH,[SCHOOL CODE],[REG_NUM],[PERS CODE],Student 111,DIPLOMA,-1,7,85.0
459,2020,MAY,MATHEMATICS,SL,ENGLISH,[SCHOOL CODE],[REG_NUM],[PERS CODE],Student 108,DIPLOMA,-1,7,80.0
460,2020,MAY,MATHEMATICS,SL,ENGLISH,[SCHOOL CODE],[REG_NUM],[PERS CODE],Student 66,DIPLOMA,-1,6,76.0
461,2020,MAY,MATHEMATICS,SL,ENGLISH,[SCHOOL CODE],[REG_NUM],[PERS CODE],Student 95,DIPLOMA,-1,6,69.0
462,2020,MAY,MATHEMATICS,SL,ENGLISH,[SCHOOL CODE],[REG_NUM],[PERS CODE],Student 132,DIPLOMA,-1,6,70.0
463,2020,MAY,MATHEMATICS,SL,ENGLISH,[SCHOOL CODE],[REG_NUM],[PERS CODE],Student 88,DIPLOMA,-1,6,77.0
464,2020,MAY,MATHEMATICS,SL,ENGLISH,[SCHOOL CODE],[REG_NUM],[PERS CODE],Student 79,DIPLOMA,-1,6,79.0
465,2020,MAY,MATHEMATICS,SL,ENGLISH,[SCHOOL CODE],[REG_NUM],[PERS CODE],Student 71,DIPLOMA,-1,6,76.0
466,2020,MAY,MATHEMATICS,SL,ENGLISH,[SCHOOL CODE],[REG_NUM],[PERS CODE],Student 80,DIPLOMA,-1,5,57.0
467,2020,MAY,MATHEMATICS,SL,ENGLISH,[SCHOOL CODE],[REG_NUM],[PERS CODE],Student 64,DIPLOMA,-1,5,64.0
468,2020,MAY,MATHEMATICS,SL,ENGLISH,[SCHOOL CODE],[REG_NUM],[PERS CODE],Student 129,DIPLOMA,-1,5,61.0
469,2020,MAY,MATHEMATICS,SL,ENGLISH,[SCHOOL CODE],[REG_NUM],[PERS CODE],Student 73,DIPLOMA,-1,5,68.0
470,2020,MAY,MATHEMATICS,SL,ENGLISH,[SCHOOL CODE],[REG_NUM],[PERS CODE],Student 138,DIPLOMA,-1,5,61.0
471,2020,MAY,MATHEMATICS,SL,ENGLISH,[SCHOOL CODE],[REG_NUM],[PERS CODE],Student 110,DIPLOMA,-1,5,57.0
472,2020,MAY,MATHEMATICS,SL,ENGLISH,[SCHOOL CODE],[REG_NUM],[PERS CODE],Student 113,DIPLOMA,-1,5,66.0
473,2020,MAY,MATHEMATICS,SL,ENGLISH,[SCHOOL CODE],[REG_NUM],[PERS CODE],Student 125,DIPLOMA,-1,5,60.0
474,2020,MAY,MATHEMATICS,SL,ENGLISH,[SCHOOL CODE],[REG_NUM],[PERS CODE],Student 119,DIPLOMA,-1,5,66.0
475,2020,MAY,MATHEMATICS,SL,ENGLISH,[SCHOOL CODE],[REG_NUM],[PERS CODE],Student 131,DIPLOMA,-1,4,51.0
476,2020,MAY,MATHEMATICS,SL,ENGLISH,[SCHOOL CODE],[REG_NUM],[PERS CODE],Student 67,DIPLOMA,-1,4,53.0
477,2020,MAY,MATHEMATICS,SL,ENGLISH,[SCHOOL CODE],[REG_NUM],[PERS CODE],Student 92,DIPLOMA,-1,4,56.0
478,2020,MAY,MATHEMATICS,SL,ENGLISH,[SCHOOL CODE],[REG_NUM],[PERS CODE],Student 75,DIPLOMA,-1,4,56.0
479,2020,MAY,MATHEMATICS,SL,ENGLISH,[SCHOOL CODE],[REG_NUM],[PERS CODE],Student 89,DIPLOMA,-1,4,55.0
480,2020,MAY,MATHEMATICS,SL,ENGLISH,[SCHOOL CODE],[REG_NUM],[PERS CODE],Student 85,DIPLOMA,-1,4,47.0
481,2020,MAY,MATHEMATICS,SL,ENGLISH,[SCHOOL CODE],[REG_NUM],[PERS CODE],Student 72,DIPLOMA,-1,4,55.0
482,2020,MAY,MATHEMATICS,SL,ENGLISH,[SCHOOL CODE],[REG_NUM],[PERS CODE],Student 94,DIPLOMA,-1,4,53.0
483,2020,MAY,MATHEMATICS,SL,ENGLISH,[SCHOOL CODE],[REG_NUM],[PERS CODE],Student 69,DIPLOMA,-1,4,48.0
484,2020,MAY,MATHEMATICS,SL,ENGLISH,[SCHOOL CODE],[REG_NUM],[PERS CODE],Student 87,DIPLOMA,-1,4,45.0
485,2020,MAY,MATHEMATICS,SL,ENGLISH,[SCHOOL CODE],[REG_NUM],[PERS CODE],Student 106,DIPLOMA,-1,4,56.0
486,2020,MAY,MATHEMATICS,SL,ENGLISH,[SCHOOL CODE],[REG_NUM],[PERS CODE],Student 76,DIPLOMA,-1,4,53.0
487,2020,MAY,MATHEMATICS,SL,ENGLISH,[SCHOOL CODE],[REG_NUM],[PERS CODE],Student 130,DIPLOMA,-1,4,49.0
488,2020,MAY,MATHEMATICS,SL,ENGLISH,[SCHOOL CODE],[REG_NUM],[PERS CODE],Student 118,DIPLOMA,-1,3,44.0
489,2020,MAY,MATHEMATICS,SL,ENGLISH,[SCHOOL CODE],[REG_NUM],[PERS CODE],Student 100,DIPLOMA,-1,3,44.0
490,2020,MAY,MATHEMATICS,SL,ENGLISH,[SCHOOL CODE],[REG_NUM],[PERS CODE],Student 135,DIPLOMA,-1,3,43.0
491,2020,MAY,[SUBJECT],EE,ENGLISH,[SCHOOL CODE],[REG_NUM],[PERS CODE],Student 135,DIPLOMA,-1,-1,-1.0
492,2020,MAY,[SUBJECT],EE,ENGLISH,[SCHOOL CODE],[REG_NUM],[PERS CODE],Student 134,DIPLOMA,-1,-1,-1.0
493,2020,MAY,[SUBJECT],HL,ENGLISH,[SCHOOL CODE],[REG_NUM],[PERS CODE],Student 113,DIPLOMA,-1,-1,-1.0
494,2020,MAY,[SUBJECT],HL,ENGLISH,[SCHOOL CODE],[REG_NUM],[PERS CODE],Student 138,DIPLOMA,-1,-1,-1.0
495,2020,MAY,[SUBJECT],HL,ENGLISH,[SCHOOL CODE],[REG_NUM],[PERS CODE],Student 133,DIPLOMA,-1,-1,-1.0
496,2020,MAY,[SUBJECT],HL,ENGLISH,[SCHOOL CODE],[REG_NUM],[PERS CODE],Student 114,DIPLOMA,-1,-1,-1.0
497,2020,MAY,[SUBJECT],HL,ENGLISH,[SCHOOL CODE],[REG_NUM],[PERS CODE],Student 130,DIPLOMA,-1,-1,-1.0
498,2020,MAY,[SUBJECT],HL,ENGLISH,[SCHOOL CODE],[REG_NUM],[PERS CODE],Student 90,DIPLOMA,-1,-1,-1.0
499,2020,MAY,[SUBJECT],HL,ENGLISH,[SCHOOL CODE],[REG_NUM],[PERS CODE],Student 126,COURSE,-1,-1,-1.0
500,2020,MAY,[SUBJECT],HL,ENGLISH,[SCHOOL CODE],[REG_NUM],[PERS CODE],Student 134,DIPLOMA,-1,-1,-1.0
501,2020,MAY,[SUBJECT],HL,ENGLISH,[SCHOOL CODE],[REG_NUM],[PERS CODE],Student 135,DIPLOMA,-1,-1,-1.0
502,2020,MAY,[SUBJECT],EE,ENGLISH,[SCHOOL CODE],[REG_NUM],[PERS CODE],Student 64,DIPLOMA,-1,-1,-1.0
503,2020,MAY,[SUBJECT],EE,ENGLISH,[SCHOOL CODE],[REG_NUM],[PERS CODE],Student 79,DIPLOMA,-1,-1,-1.0
504,2020,MAY,[SUBJECT],EE,ENGLISH,[SCHOOL CODE],[REG_NUM],[PERS CODE],Student 77,DIPLOMA,-1,-1,-1.0
505,2020,MAY,[SUBJECT],HL,ENGLISH,[SCHOOL CODE],[REG_NUM],[PERS CODE],Student 79,DIPLOMA,-1,-1,-1.0
506,2020,MAY,[SUBJECT],HL,ENGLISH,[SCHOOL CODE],[REG_NUM],[PERS CODE],Student 64,DIPLOMA,-1,-1,-1.0
507,2020,MAY,[SUBJECT],HL,ENGLISH,[SCHOOL CODE],[REG_NUM],[PERS CODE],Student 78,DIPLOMA,-1,-1,-1.0
508,2020,MAY,[SUBJECT],HL,ENGLISH,[SCHOOL CODE],[REG_NUM],[PERS CODE],Student 99,DIPLOMA,-1,-1,-1.0
509,2020,MAY,[SUBJECT],HL,ENGLISH,[SCHOOL CODE],[REG_NUM],[PERS CODE],Student 127,DIPLOMA,-1,-1,-1.0
510,2020,MAY,[SUBJECT],HL,ENGLISH,[SCHOOL CODE],[REG_NUM],[PERS CODE],Student 115,DIPLOMA,-1,-1,-1.0
511,2020,MAY,[SUBJECT],HL,ENGLISH,[SCHOOL CODE],[REG_NUM],[PERS CODE],Student 110,DIPLOMA,-1,-1,-1.0
512,2020,MAY,[SUBJECT],HL,ENGLISH,[SCHOOL CODE],[REG_NUM],[PERS CODE],Student 77,DIPLOMA,-1,-1,-1.0
513,2020,MAY,[SUBJECT],HL,ENGLISH,[SCHOOL CODE],[REG_NUM],[PERS CODE],Student 103,DIPLOMA,-1,-1,-1.0
514,2020,MAY,[SUBJECT],TK,ENGLISH,[SCHOOL CODE],[REG_NUM],[PERS CODE],Student 121,DIPLOMA,-1,-1,-1.0
515,2020,MAY,[SUBJECT],TK,ENGLISH,[SCHOOL CODE],[REG_NUM],[PERS CODE],Student 104,DIPLOMA,-1,-1,-1.0
516,2020,MAY,[SUBJECT],TK,ENGLISH,[SCHOOL CODE],[REG_NUM],[PERS CODE],Student 66,DIPLOMA,-1,-1,-1.0
517,2020,MAY,[SUBJECT],TK,ENGLISH,[SCHOOL CODE],[REG_NUM],[PERS CODE],Student 99,DIPLOMA,-1,-1,-1.0
518,2020,MAY,[SUBJECT],TK,ENGLISH,[SCHOOL CODE],[REG_NUM],[PERS CODE],Student 114,DIPLOMA,-1,-1,-1.0
519,2020,MAY,[SUBJECT],TK,ENGLISH,[SCHOOL CODE],[REG_NUM],[PERS CODE],Student 124,DIPLOMA,-1,-1,-1.0
520,2020,MAY,[SUBJECT],TK,ENGLISH,[SCHOOL CODE],[REG_NUM],[PERS CODE],Student 92,DIPLOMA,-1,-1,-1.0
521,2020,MAY,[SUBJECT],TK,ENGLISH,[SCHOOL CODE],[REG_NUM],[PERS CODE],Student 89,DIPLOMA,-1,-1,-1.0
522,2020,MAY,[SUBJECT],TK,ENGLISH,[SCHOOL CODE],[REG_NUM],[PERS CODE],Student 86,DIPLOMA,-1,-1,-1.0
523,2020,MAY,[SUBJECT],TK,ENGLISH,[SCHOOL CODE],[REG_NUM],[PERS CODE],Student 117,DIPLOMA,-1,-1,-1.0
524,2020,MAY,[SUBJECT],TK,ENGLISH,[SCHOOL CODE],[REG_NUM],[PERS CODE],Student 96,DIPLOMA,-1,-1,-1.0
525,2020,MAY,[SUBJECT],TK,ENGLISH,[SCHOOL CODE],[REG_NUM],[PERS CODE],Student 69,DIPLOMA,-1,-1,-1.0
526,2020,MAY,[SUBJECT],TK,ENGLISH,[SCHOOL CODE],[REG_NUM],[PERS CODE],Student 108,DIPLOMA,-1,-1,-1.0
527,2020,MAY,[SUBJECT],TK,ENGLISH,[SCHOOL CODE],[REG_NUM],[PERS CODE],Student 110,DIPLOMA,-1,-1,-1.0
528,2020,MAY,[SUBJECT],TK,ENGLISH,[SCHOOL CODE],[REG_NUM],[PERS CODE],Student 106,DIPLOMA,-1,-1,-1.0
529,2020,MAY,[SUBJECT],TK,ENGLISH,[SCHOOL CODE],[REG_NUM],[PERS CODE],Student 125,DIPLOMA,-1,-1,-1.0
530,2020,MAY,[SUBJECT],TK,ENGLISH,[SCHOOL CODE],[REG_NUM],[PERS CODE],Student 79,DIPLOMA,-1,-1,-1.0
531,2020,MAY,[SUBJECT],TK,ENGLISH,[SCHOOL CODE],[REG_NUM],[PERS CODE],Student 82,DIPLOMA,-1,-1,-1.0
532,2020,MAY,[SUBJECT],TK,ENGLISH,[SCHOOL CODE],[REG_NUM],[PERS CODE],Student 71,DIPLOMA,-1,-1,-1.0
533,2020,MAY,[SUBJECT],TK,ENGLISH,[SCHOOL CODE],[REG_NUM],[PERS CODE],Student 133,DIPLOMA,-1,-1,-1.0
534,2020,MAY,[SUBJECT],TK,ENGLISH,[SCHOOL CODE],[REG_NUM],[PERS CODE],Student 80,DIPLOMA,-1,-1,-1.0
535,2020,MAY,[SUBJECT],TK,ENGLISH,[SCHOOL CODE],[REG_NUM],[PERS CODE],Student 105,DIPLOMA,-1,-1,-1.0
536,2020,MAY,[SUBJECT],TK,ENGLISH,[SCHOOL CODE],[REG_NUM],[PERS CODE],Student 118,DIPLOMA,-1,-1,-1.0
537,2020,MAY,[SUBJECT],TK,ENGLISH,[SCHOOL CODE],[REG_NUM],[PERS CODE],Student 64,DIPLOMA,-1,-1,-1.0
538,2020,MAY,[SUBJECT],TK,ENGLISH,[SCHOOL CODE],[REG_NUM],[PERS CODE],Student 78,DIPLOMA,-1,-1,-1.0
539,2020,MAY,[SUBJECT],TK,ENGLISH,[SCHOOL CODE],[REG_NUM],[PERS CODE],Student 101,DIPLOMA,-1,-1,-1.0
540,2020,MAY,[SUBJECT],TK,ENGLISH,[SCHOOL CODE],[REG_NUM],[PERS CODE],Student 100,DIPLOMA,-1,-1,-1.0
541,2020,MAY,[SUBJECT],TK,ENGLISH,[SCHOOL CODE],[REG_NUM],[PERS CODE],Student 97,DIPLOMA,-1,-1,-1.0
542,2020,MAY,[SUBJECT],TK,ENGLISH,[SCHOOL CODE],[REG_NUM],[PERS CODE],Student 91,DIPLOMA,-1,-1,-1.0
543,2020,MAY,[SUBJECT],TK,ENGLISH,[SCHOOL CODE],[REG_NUM],[PERS CODE],Student 129,DIPLOMA,-1,-1,-1.0
544,2020,MAY,[SUBJECT],TK,ENGLISH,[SCHOOL CODE],[REG_NUM],[PERS CODE],Student 127,DIPLOMA,-1,-1,-1.0
545,2020,MAY,[SUBJECT],TK,ENGLISH,[SCHOOL CODE],[REG_NUM],[PERS CODE],Student 67,DIPLOMA,-1,-1,-1.0
546,2020,MAY,[SUBJECT],TK,ENGLISH,[SCHOOL CODE],[REG_NUM],[PERS CODE],Student 111,DIPLOMA,-1,-1,-1.0
547,2020,MAY,[SUBJECT],TK,ENGLISH,[SCHOOL CODE],[REG_NUM],[PERS CODE],Student 75,DIPLOMA,-1,-1,-1.0
548,2020,MAY,[SUBJECT],TK,ENGLISH,[SCHOOL CODE],[REG_NUM],[PERS CODE],Student 93,DIPLOMA,-1,-1,-1.0
549,2020,MAY,[SUBJECT],TK,ENGLISH,[SCHOOL CODE],[REG_NUM],[PERS CODE],Student 72,DIPLOMA,-1,-1,-1.0
550,2020,MAY,[SUBJECT],TK,ENGLISH,[SCHOOL CODE],[REG_NUM],[PERS CODE],Student 95,DIPLOMA,-1,-1,-1.0
551,2020,MAY,[SUBJECT],TK,ENGLISH,[SCHOOL CODE],[REG_NUM],[PERS CODE],Student 73,DIPLOMA,-1,-1,-1.0
552,2020,MAY,[SUBJECT],TK,ENGLISH,[SCHOOL CODE],[REG_NUM],[PERS CODE],Student 109,DIPLOMA,-1,-1,-1.0
553,2020,MAY,[SUBJECT],TK,ENGLISH,[SCHOOL CODE],[REG_NUM],[PERS CODE],Student 88,DIPLOMA,-1,-1,-1.0
554,2020,MAY,[SUBJECT],TK,ENGLISH,[SCHOOL CODE],[REG_NUM],[PERS CODE],Student 94,DIPLOMA,-1,-1,-1.0
555,2020,MAY,[SUBJECT],TK,ENGLISH,[SCHOOL CODE],[REG_NUM],[PERS CODE],Student 137,DIPLOMA,-1,-1,-1.0
556,2020,MAY,[SUBJECT],TK,ENGLISH,[SCHOOL CODE],[REG_NUM],[PERS CODE],Student 103,DIPLOMA,-1,-1,-1.0
557,2020,MAY,[SUBJECT],TK,ENGLISH,[SCHOOL CODE],[REG_NUM],[PERS CODE],Student 134,DIPLOMA,-1,-1,-1.0
558,2020,MAY,[SUBJECT],TK,ENGLISH,[SCHOOL CODE],[REG_NUM],[PERS CODE],Student 87,DIPLOMA,-1,-1,-1.0
559,2020,MAY,[SUBJECT],TK,ENGLISH,[SCHOOL CODE],[REG_NUM],[PERS CODE],Student 113,DIPLOMA,-1,-1,-1.0
560,2020,MAY,[SUBJECT],TK,ENGLISH,[SCHOOL CODE],[REG_NUM],[PERS CODE],Student 98,DIPLOMA,-1,-1,-1.0
561,2020,MAY,[SUBJECT],TK,ENGLISH,[SCHOOL CODE],[REG_NUM],[PERS CODE],Student 135,DIPLOMA,-1,-1,-1.0
562,2020,MAY,[SUBJECT],TK,ENGLISH,[SCHOOL CODE],[REG_NUM],[PERS CODE],Student 81,DIPLOMA,-1,-1,-1.0
563,2020,MAY,[SUBJECT],TK,ENGLISH,[SCHOOL CODE],[REG_NUM],[PERS CODE],Student 130,DIPLOMA,-1,-1,-1.0
564,2020,MAY,[SUBJECT],TK,ENGLISH,[SCHOOL CODE],[REG_NUM],[PERS CODE],Student 84,DIPLOMA,-1,-1,-1.0
565,2020,MAY,[SUBJECT],TK,ENGLISH,[SCHOOL CODE],[REG_NUM],[PERS CODE],Student 123,DIPLOMA,-1,-1,-1.0
566,2020,MAY,[SUBJECT],TK,ENGLISH,[SCHOOL CODE],[REG_NUM],[PERS CODE],Student 116,DIPLOMA,-1,-1,-1.0
567,2020,MAY,[SUBJECT],TK,ENGLISH,[SCHOOL CODE],[REG_NUM],[PERS CODE],Student 90,DIPLOMA,-1,-1,-1.0
568,2020,MAY,[SUBJECT],TK,ENGLISH,[SCHOOL CODE],[REG_NUM],[PERS CODE],Student 68,DIPLOMA,-1,-1,-1.0
569,2020,MAY,[SUBJECT],TK,ENGLISH,[SCHOOL CODE],[REG_NUM],[PERS CODE],Student 102,DIPLOMA,-1,-1,-1.0
570,2020,MAY,[SUBJECT],TK,ENGLISH,[SCHOOL CODE],[REG_NUM],[PERS CODE],Student 77,DIPLOMA,-1,-1,-1.0
571,2020,MAY,[SUBJECT],TK,ENGLISH,[SCHOOL CODE],[REG_NUM],[PERS CODE],Student 131,DIPLOMA,-1,-1,-1.0
572,2020,MAY,[SUBJECT],TK,ENGLISH,[SCHOOL CODE],[REG_NUM],[PERS CODE],Student 83,DIPLOMA,-1,-1,-1.0
573,2020,MAY,[SUBJECT],TK,ENGLISH,[SCHOOL CODE],[REG_NUM],[PERS CODE],Student 85,DIPLOMA,-1,-1,-1.0
574,2020,MAY,[SUBJECT],TK,ENGLISH,[SCHOOL CODE],[REG_NUM],[PERS CODE],Student 132,DIPLOMA,-1,-1,-1.0
575,2020,MAY,[SUBJECT],TK,ENGLISH,[SCHOOL CODE],[REG_NUM],[PERS CODE],Student 65,DIPLOMA,-1,-1,-1.0
576,2020,MAY,[SUBJECT],TK,ENGLISH,[SCHOOL CODE],[REG_NUM],[PERS CODE],Student 107,DIPLOMA,-1,-1,-1.0
577,2020,MAY,[SUBJECT],TK,ENGLISH,[SCHOOL CODE],[REG_NUM],[PERS CODE],Student 70,DIPLOMA,-1,-1,-1.0
578,2020,MAY,[SUBJECT],TK,ENGLISH,[SCHOOL CODE],[REG_NUM],[PERS CODE],Student 136,DIPLOMA,-1,-1,-1.0
579,2020,MAY,[SUBJECT],TK,ENGLISH,[SCHOOL CODE],[REG_NUM],[PERS CODE],Student 115,DIPLOMA,-1,-1,-1.0
580,2020,MAY,[SUBJECT],TK,ENGLISH,[SCHOOL CODE],[REG_NUM],[PERS CODE],Student 120,DIPLOMA,-1,-1,-1.0
581,2020,MAY,[SUBJECT],TK,ENGLISH,[SCHOOL CODE],[REG_NUM],[PERS CODE],Student 138,DIPLOMA,-1,-1,-1.0
582,2020,MAY,[SUBJECT],TK,ENGLISH,[SCHOOL CODE],[REG_NUM],[PERS CODE],Student 128,DIPLOMA,-1,-1,-1.0
583,2020,MAY,[SUBJECT],TK,ENGLISH,[SCHOOL CODE],[REG_NUM],[PERS CODE],Student 122,DIPLOMA,-1,-1,-1.0
584,2020,MAY,[SUBJECT],TK,ENGLISH,[SCHOOL CODE],[REG_NUM],[PERS CODE],Student 76,DIPLOMA,-1,-1,-1.0
585,2020,MAY,[SUBJECT],TK,ENGLISH,[SCHOOL CODE],[REG_NUM],[PERS CODE],Student 119,DIPLOMA,-1,-1,-1.0
